SET SQL_MODE = "NO_AUTO_VALUE_ON_ZERO";
START TRANSACTION;
SET time_zone = "+00:00";


/*!40101 SET @OLD_CHARACTER_SET_CLIENT=@@CHARACTER_SET_CLIENT */;
/*!40101 SET @OLD_CHARACTER_SET_RESULTS=@@CHARACTER_SET_RESULTS */;
/*!40101 SET @OLD_COLLATION_CONNECTION=@@COLLATION_CONNECTION */;
/*!40101 SET NAMES utf8mb4 */;

--
-- Base de données : `mmi2_2025_movies`
--

-- --------------------------------------------------------

--
-- Structure de la table `actors`
--

CREATE TABLE `actors` (
  `id` varchar(255) NOT NULL,
  `name` varchar(255) NOT NULL
) ENGINE=InnoDB DEFAULT CHARSET=utf8mb4 COLLATE=utf8mb4_general_ci;

--
-- Déchargement des données de la table `actors`
--

INSERT INTO `actors` (`id`, `name`) VALUES
('actor_122', 'Adrien Brody'),
('actor_41', 'Alexandra Daddario'),
('actor_19', 'Alison Brie'),
('actor_29', 'Ana de Armas'),
('actor_1', 'Andrea Riseborough'),
('actor_59', 'Anthony Ramos'),
('actor_25', 'Anya Taylor-Joy'),
('actor_95', 'Aubrey Plaza'),
('actor_67', 'Awkwafina'),
('actor_26', 'Ben Affleck'),
('actor_21', 'Ben Schwartz'),
('actor_108', 'Benedict Cumberbatch'),
('actor_109', 'Benedict Wong'),
('actor_85', 'Bill Murray'),
('actor_82', 'Bill Skarsgård'),
('actor_99', 'Bobby Cannavale'),
('actor_8', 'Bradley Whitford'),
('actor_100', 'Brian Tyree Henry'),
('actor_50', 'Bruce Willis'),
('actor_113', 'Cary Elwes'),
('actor_18', 'Chris Messina'),
('actor_87', 'Christopher Abbott'),
('actor_69', 'Clancy Brown'),
('actor_14', 'Colin Farrell'),
('actor_97', 'Colman Domingo'),
('actor_83', 'Da\'Vine Joy Randolph'),
('actor_51', 'Dakota Johnson'),
('actor_71', 'Danny Trejo'),
('actor_57', 'Dave Bautista'),
('actor_45', 'David Harbour'),
('actor_102', 'David Oyelowo'),
('actor_2', 'Demián Bichir'),
('actor_103', 'Dennis Quaid'),
('actor_121', 'Dermot Mulroney'),
('actor_118', 'Djimon Hounsou'),
('actor_13', 'Eddie Marsan'),
('actor_42', 'Édgar Ramírez'),
('actor_36', 'Eiza González'),
('actor_63', 'Emily Blunt'),
('actor_75', 'Ethan Hawke'),
('actor_120', 'Florence Pugh'),
('actor_92', 'Frank Grillo'),
('actor_80', 'Fred Armisen'),
('actor_72', 'Gillian Jacobs'),
('actor_37', 'Guy Pearce'),
('actor_34', 'Haley Bennett'),
('actor_73', 'Helen Mirren'),
('actor_112', 'Idris Elba'),
('actor_61', 'J. K. Simmons'),
('actor_20', 'James Marsden'),
('actor_66', 'Jamie Foxx'),
('actor_111', 'Jason Momoa'),
('actor_38', 'Javier Bardem'),
('actor_46', 'Jeffrey Wright'),
('actor_81', 'Jenna Ortega'),
('actor_6', 'Jennifer Coolidge'),
('actor_78', 'Jesse Plemons'),
('actor_3', 'Jessica Henwick'),
('actor_22', 'Jimmy O. Yang'),
('actor_64', 'Joey King'),
('actor_9', 'John Cena'),
('actor_76', 'John David Washington'),
('actor_30', 'John Leguizamo'),
('actor_35', 'John Magaro'),
('actor_117', 'Jon Bernthal'),
('actor_54', 'Jonathan Majors'),
('actor_48', 'Judy Greer'),
('actor_84', 'Julianne Moore'),
('actor_70', 'Keanu Reeves'),
('actor_31', 'Keegan-Michael Key'),
('actor_52', 'Kelvin Harrison Jr.'),
('actor_49', 'Ken Jeong'),
('actor_101', 'Kyle Allen'),
('actor_119', 'Laurence Fishburne'),
('actor_58', 'Leslie Odom Jr.'),
('actor_24', 'Lil Rel Howery'),
('actor_90', 'Luke Bracey'),
('actor_17', 'Margot Robbie'),
('actor_33', 'Mark Wahlberg'),
('actor_44', 'Maya Rudolph'),
('actor_53', 'Megan Fox'),
('actor_91', 'Mel Gibson'),
('actor_23', 'Michael Rooker'),
('actor_123', 'Michael Shannon'),
('actor_110', 'Michelle Yeoh'),
('actor_115', 'Morgan Freeman'),
('actor_93', 'Nicolas Cage'),
('actor_10', 'Octavia Spencer'),
('actor_114', 'Olivia Colman'),
('actor_105', 'Owen Wilson'),
('actor_55', 'Paul Walter Hauser'),
('actor_39', 'Pete Davidson'),
('actor_7', 'Peter Dinklage'),
('actor_56', 'Pierce Brosnan'),
('actor_12', 'Ralph Fiennes'),
('actor_106', 'Raúl Castillo'),
('actor_74', 'Russell Crowe'),
('actor_94', 'Ryan Reynolds'),
('actor_5', 'Salma Hayek'),
('actor_32', 'Samara Weaving'),
('actor_16', 'Samuel L. Jackson'),
('actor_15', 'Sebastian Stan'),
('actor_65', 'Seth Rogen'),
('actor_86', 'Shea Whigham'),
('actor_124', 'Sigourney Weaver'),
('actor_40', 'Simon Pegg'),
('actor_68', 'Snoop Dogg'),
('actor_89', 'Stephen Root'),
('actor_98', 'Taylour Paige'),
('actor_62', 'Theo Rossi'),
('actor_4', 'Tiffany Haddish'),
('actor_77', 'Tilda Swinton'),
('actor_116', 'Tim Blake Nelson'),
('actor_88', 'Timothée Chalamet'),
('actor_27', 'Toby Jones'),
('actor_60', 'Tom Hanks'),
('actor_11', 'Tom Holland'),
('actor_79', 'Toni Collette'),
('actor_96', 'Viola Davis'),
('actor_43', 'Will Forte'),
('actor_28', 'Willem Dafoe'),
('actor_47', 'Yahya Abdul-Mateen II'),
('actor_107', 'Zachary Levi'),
('actor_104', 'Zendaya');

-- --------------------------------------------------------

--
-- Structure de la table `genres`
--

CREATE TABLE `genres` (
  `id` varchar(255) NOT NULL,
  `genre` varchar(255) NOT NULL
) ENGINE=InnoDB DEFAULT CHARSET=utf8mb4 COLLATE=utf8mb4_general_ci;

--
-- Déchargement des données de la table `genres`
--

INSERT INTO `genres` (`id`, `genre`) VALUES
('genre_3', 'Action'),
('genre_10', 'Adventure'),
('genre_20', 'Animated'),
('genre_23', 'Biography'),
('genre_5', 'Comedy'),
('genre_7', 'Crime'),
('genre_25', 'Dance'),
('genre_37', 'Disaster'),
('genre_26', 'Documentary'),
('genre_6', 'Drama'),
('genre_28', 'Erotic'),
('genre_14', 'Family'),
('genre_11', 'Fantasy'),
('genre_38', 'Found Footage'),
('genre_18', 'Historical'),
('genre_1', 'Horror'),
('genre_36', 'Independent'),
('genre_29', 'Legal'),
('genre_27', 'Live Action'),
('genre_34', 'Martial Arts'),
('genre_22', 'Musical'),
('genre_8', 'Mystery'),
('genre_24', 'Noir'),
('genre_35', 'Performance'),
('genre_19', 'Political'),
('genre_16', 'Romance'),
('genre_31', 'Satire'),
('genre_4', 'Science Fiction'),
('genre_30', 'Short'),
('genre_33', 'Slasher'),
('genre_21', 'Sport'),
('genre_17', 'Spy'),
('genre_13', 'Superhero'),
('genre_2', 'Supernatural'),
('genre_15', 'Teen'),
('genre_9', 'Thriller'),
('genre_12', 'War'),
('genre_32', 'Western');

-- --------------------------------------------------------

--
-- Structure de la table `movies`
--

CREATE TABLE `movies` (
  `id` varchar(255) NOT NULL,
  `title` varchar(255) NOT NULL,
  `year` int(11) DEFAULT NULL
) ENGINE=InnoDB DEFAULT CHARSET=utf8mb4 COLLATE=utf8mb4_general_ci;

--
-- Déchargement des données de la table `movies`
--

INSERT INTO `movies` (`id`, `title`, `year`) VALUES
('movie_1', 'The Grudge', 2020),
('movie_10', 'A Fall from Grace', 2020),
('movie_100', 'Irresistible', 2020),
('movie_1000', 'Operation Fortune: Ruse de Guerre', 2023),
('movie_1001', 'A Little White Lie', 2023),
('movie_1002', 'Children of the Corn', 2023),
('movie_1003', 'Palm Trees and Power Lines', 2023),
('movie_1004', 'Hunt Her, Kill Her', 2023),
('movie_1005', 'Unseen', 2023),
('movie_1006', 'Scream VI', 2023),
('movie_1007', '65', 2023),
('movie_1008', 'Champions', 2023),
('movie_1009', 'Chang Can Dunk', 2023),
('movie_101', 'My Spy', 2020),
('movie_1010', 'Southern Gospel', 2023),
('movie_1011', 'Shazam! Fury of the Gods', 2023),
('movie_1012', 'Boston Strangler', 2023),
('movie_1013', 'The Magician\'s Elephant', 2023),
('movie_1014', 'Moving On', 2023),
('movie_1015', 'Wildflower', 2023),
('movie_1016', 'Supercell', 2023),
('movie_1017', 'Pinball: The Man Who Saved the Game', 2023),
('movie_1018', 'John Wick: Chapter 4', 2023),
('movie_1019', 'A Good Person', 2023),
('movie_102', 'We Bare Bears: The Movie', 2020),
('movie_1020', 'The Tutor', 2023),
('movie_1021', 'Dungeons & Dragons: Honor Among Thieves', 2023),
('movie_1022', 'Murder Mystery 2', 2023),
('movie_1023', 'Tetris', 2023),
('movie_1024', 'Spinning Gold', 2023),
('movie_1025', 'Space Oddity', 2023),
('movie_1026', 'A Thousand and One', 2023),
('movie_1027', 'Assassin', 2023),
('movie_1028', 'Acidman', 2023),
('movie_1029', 'Malum', 2023),
('movie_103', 'Hamilton', 2020),
('movie_1030', 'The Super Mario Bros. Movie', 2023),
('movie_1031', 'Air', 2023),
('movie_1032', 'Praise This', 2023),
('movie_1033', 'Showing Up', 2023),
('movie_1034', 'Paint', 2023),
('movie_1035', 'On a Wing and a Prayer', 2023),
('movie_1036', 'Chupa', 2023),
('movie_1037', 'How to Blow Up a Pipeline', 2023),
('movie_1038', 'One True Loves', 2023),
('movie_1039', 'Beautiful Disaster', 2023),
('movie_104', 'Relic', 2020),
('movie_1040', 'Renfield', 2023),
('movie_1041', 'The Pope\'s Exorcist', 2023),
('movie_1042', 'Mafia Mamma', 2023),
('movie_1043', 'Sweetwater', 2023),
('movie_1044', 'Rare Objects', 2023),
('movie_1045', 'Quasi', 2023),
('movie_1046', 'Evil Dead Rise', 2023),
('movie_1047', 'The Covenant', 2023),
('movie_1048', 'Ghosted', 2023),
('movie_1049', 'Beau Is Afraid', 2023),
('movie_105', 'Desperados', 2020),
('movie_1050', 'Chevalier', 2023),
('movie_1051', 'Somewhere in Queens', 2023),
('movie_1052', 'A Tourist\'s Guide to Love', 2023),
('movie_1053', 'Peter Pan & Wendy', 2023),
('movie_1054', 'Are You There God? It\'s Me, Margaret', 2023),
('movie_1055', 'Big George Foreman', 2023),
('movie_1056', 'Sisu', 2023),
('movie_1057', 'Guardians of the Galaxy Vol. 3', 2023),
('movie_1058', 'Book Club: The Next Chapter', 2023),
('movie_1059', 'Love Again', 2023),
('movie_106', 'The Old Guard', 2020),
('movie_1060', 'The Mother', 2023),
('movie_1061', 'Crater', 2023),
('movie_1062', 'Knights of the Zodiac', 2023),
('movie_1063', 'Monica', 2023),
('movie_1064', 'Fast X', 2023),
('movie_1065', 'White Men Can\'t Jump', 2023),
('movie_1066', 'Master Gardener', 2023),
('movie_1067', 'The Little Mermaid', 2023),
('movie_1068', 'About My Father', 2023),
('movie_1069', 'The Machine', 2023),
('movie_107', 'Money Plane', 2020),
('movie_1070', 'Kandahar', 2023),
('movie_1071', 'You Hurt My Feelings', 2023),
('movie_1072', 'Spider-Man: Across the Spider-Verse', 2023),
('movie_1073', 'The Boogeyman', 2023),
('movie_1074', 'Past Lives', 2023),
('movie_1075', 'Transformers: Rise of the Beasts', 2023),
('movie_1076', 'Strays', 2023),
('movie_1077', 'Flamin\' Hot', 2023),
('movie_1078', 'The Flash', 2023),
('movie_1079', 'Elemental', 2023),
('movie_108', 'Greyhound', 2020),
('movie_1080', 'Asteroid City', 2023),
('movie_1081', 'Extraction 2', 2023),
('movie_1082', 'The Blackening', 2023),
('movie_1083', 'No Hard Feelings', 2023),
('movie_1084', 'The Perfect Find', 2023),
('movie_1085', 'Indiana Jones and the Dial of Destiny', 2023),
('movie_1086', 'Ruby Gillman, Teenage Kraken', 2023),
('movie_1087', 'Harold and the Purple Crayon', 2023),
('movie_1088', 'Insidious: The Red Door', 2023),
('movie_1089', 'Joy Ride', 2023),
('movie_109', 'Palm Springs', 2020),
('movie_1090', 'Biosphere', 2023),
('movie_1091', 'Mission: Impossible – Dead Reckoning Part One', 2023),
('movie_1092', 'Theater Camp', 2023),
('movie_1093', 'Oppenheimer', 2023),
('movie_1094', 'Barbie', 2023),
('movie_1095', 'They Cloned Tyrone', 2023),
('movie_1096', 'Cobweb', 2023),
('movie_1097', 'Haunted Mansion', 2023),
('movie_1098', 'Sympathy for the Devil', 2023),
('movie_1099', 'Teenage Mutant Ninja Turtles: Mutant Mayhem', 2023),
('movie_11', 'The Gentlemen', 2020),
('movie_110', 'Fatal Affair', 2020),
('movie_1100', 'Meg 2: The Trench', 2023),
('movie_1101', 'Dreamin\' Wild', 2023),
('movie_1102', 'Gran Turismo', 2023),
('movie_1103', 'The Last Voyage of the Demeter', 2023),
('movie_1104', 'Heart of Stone', 2023),
('movie_1105', 'Blue Beetle', 2023),
('movie_1106', 'White Bird: A Wonder Story', 2023),
('movie_1107', 'Please Don\'t Destroy', 2023),
('movie_1108', 'The Hill', 2023),
('movie_1109', 'Lift', 2023),
('movie_111', 'The Silencing', 2020),
('movie_1110', 'They Listen', 2023),
('movie_1111', 'The Equalizer 3', 2023),
('movie_1112', 'The Nun 2', 2023),
('movie_1113', 'My Big Fat Greek Wedding 3', 2023),
('movie_1114', 'A Haunting in Venice', 2023),
('movie_1115', 'Challengers', 2023),
('movie_1116', 'The Expendables 4', 2023),
('movie_1117', 'The Book of Clarence', 2023),
('movie_1118', 'Next Goal Wins', 2023),
('movie_1119', 'PAW Patrol: The Mighty Movie', 2023),
('movie_112', 'A Nice Girl Like You', 2020),
('movie_1120', 'Kraven the Hunter', 2023),
('movie_1121', 'Killers of the Flower Moon', 2023),
('movie_1122', 'True Love', 2023),
('movie_1123', 'Untitled The Exorcist film', 2023),
('movie_1124', 'Damsel', 2023),
('movie_1125', 'Ordinary Angels', 2023),
('movie_1126', 'Dumb Money', 2023),
('movie_1127', 'The Underdoggs', 2023),
('movie_1128', 'Five Nights at Freddy\'s', 2023),
('movie_1129', 'Saw X', 2023),
('movie_113', 'Ghosts of War', 2020),
('movie_1130', 'Pain Hustlers', 2023),
('movie_1131', 'Dune: Part Two', 2023),
('movie_1132', 'The Marvels', 2023),
('movie_1133', 'Chicken Run: Dawn of the Nugget', 2023),
('movie_1134', 'The Killer', 2023),
('movie_1135', 'The Holdovers', 2023),
('movie_1136', 'The Hunger Games: The Ballad of Songbirds and Snakes', 2023),
('movie_1137', 'Trolls Band Together', 2023),
('movie_1138', 'A Family Affair', 2023),
('movie_1139', 'Thanksgiving', 2023),
('movie_114', 'Animal Crackers', 2020),
('movie_1140', 'Wish', 2023),
('movie_1141', 'Napoleon', 2023),
('movie_1142', 'Leo', 2023),
('movie_1143', 'Leave the World Behind', 2023),
('movie_1144', 'Magazine Dreams', 2023),
('movie_1145', 'Wonka', 2023),
('movie_1146', 'Aquaman and the Lost Kingdom', 2023),
('movie_1147', 'Untitled Ghostbusters: Afterlife sequel', 2023),
('movie_1148', 'Rebel Moon', 2023),
('movie_1149', 'Migration', 2023),
('movie_115', 'The Kissing Booth 2', 2020),
('movie_1150', 'The Color Purple', 2023),
('movie_116', 'The Rental', 2020),
('movie_117', 'Deep Blue Sea 3', 2020),
('movie_118', 'Black Is King', 2020),
('movie_119', 'The Secret: Dare To Dream', 2020),
('movie_12', 'The Turning', 2020),
('movie_120', 'Summerland', 2020),
('movie_121', 'She Dies Tomorrow', 2020),
('movie_122', 'An American Pickle', 2020),
('movie_123', 'The Tax Collector', 2020),
('movie_124', 'Waiting for the Barbarians', 2020),
('movie_125', 'Project Power', 2020),
('movie_126', 'The SpongeBob Movie: Sponge on the Run (Canadian theatrical release)', 2020),
('movie_127', 'Magic Camp', 2020),
('movie_128', 'Spree', 2020),
('movie_129', 'Boys State', 2020),
('movie_13', 'The Last Full Measure', 2020),
('movie_130', 'The One and Only Ivan', 2020),
('movie_131', 'Unhinged', 2020),
('movie_132', 'Tesla', 2020),
('movie_133', 'Cut Throat City', 2020),
('movie_134', 'Words on Bathroom Walls', 2020),
('movie_135', 'Hard Kill', 2020),
('movie_136', 'Chemical Hearts', 2020),
('movie_137', 'Tenet', 2020),
('movie_138', 'Bill & Ted Face the Music', 2020),
('movie_139', 'The New Mutants', 2020),
('movie_14', 'John Henry', 2020),
('movie_140', 'The Personal History of David Copperfield', 2020),
('movie_141', 'I\'m Thinking of Ending Things', 2020),
('movie_142', 'Phineas and Ferb the Movie: Candace Against the Universe', 2020),
('movie_143', 'All Together Now', 2020),
('movie_144', 'Rogue', 2020),
('movie_145', 'Centigrade', 2020),
('movie_146', 'Fatima', 2020),
('movie_147', 'Love, Guaranteed', 2020),
('movie_148', 'Mulan', 2020),
('movie_149', 'Critical Thinking', 2020),
('movie_15', 'The Rhythm Section', 2020),
('movie_150', 'The Owners', 2020),
('movie_151', 'Guest House', 2020),
('movie_152', 'The Babysitter: Killer Queen', 2020),
('movie_153', 'Unpregnant', 2020),
('movie_154', 'The Devil All the Time', 2020),
('movie_155', 'The Broken Hearts Gallery', 2020),
('movie_156', 'I Met a Girl', 2020),
('movie_157', 'Rent-A-Pal', 2020),
('movie_158', 'Cats & Dogs 3: Paws Unite!', 2020),
('movie_159', 'The Secrets We Keep', 2020),
('movie_16', 'Gretel & Hansel', 2020),
('movie_160', 'Antebellum', 2020),
('movie_161', 'The Nest', 2020),
('movie_162', 'Blackbird', 2020),
('movie_163', 'Lost Girls & Love Hotels', 2020),
('movie_164', 'Killian & the Comeback Kids', 2020),
('movie_165', 'Enola Holmes', 2020),
('movie_166', 'The Trial of the Chicago 7', 2020),
('movie_167', 'Ava', 2020),
('movie_168', 'Kajillionaire', 2020),
('movie_169', 'The Last Shift', 2020),
('movie_17', 'The Assistant', 2020),
('movie_170', 'Secret Society of Second-Born Royals', 2020),
('movie_171', 'She\'s in Portland', 2020),
('movie_172', 'Sightless', 2020),
('movie_173', 'The Boys in the Band', 2020),
('movie_174', 'The Glorias', 2020),
('movie_175', 'On the Rocks', 2020),
('movie_176', 'Spontaneous', 2020),
('movie_177', 'Vampires vs. the Bronx', 2020),
('movie_178', 'Possessor', 2020),
('movie_179', 'Death of Me', 2020),
('movie_18', 'Birds of Prey', 2020),
('movie_180', 'The Call', 2020),
('movie_181', 'American Pie Presents: Girls\' Rules', 2020),
('movie_182', 'The Lie', 2020),
('movie_183', 'Black Box', 2020),
('movie_184', 'Hubie Halloween', 2020),
('movie_185', 'Books of Blood', 2020),
('movie_186', 'Charm City Kings', 2020),
('movie_187', 'The War with Grandpa', 2020),
('movie_188', 'A Rainy Day in New York', 2020),
('movie_189', 'Yellow Rose', 2020),
('movie_19', 'The Lodge', 2020),
('movie_190', 'The 40-Year-Old Version', 2020),
('movie_191', 'Nocturne', 2020),
('movie_192', 'Evil Eye', 2020),
('movie_193', 'A Babysitter\'s Guide to Monster Hunting', 2020),
('movie_194', 'Love and Monsters', 2020),
('movie_195', 'Honest Thief', 2020),
('movie_196', 'Clouds', 2020),
('movie_197', 'The Devil Has a Name', 2020),
('movie_198', 'The Kid Detective', 2020),
('movie_199', 'Alone', 2020),
('movie_2', 'Underwater', 2020),
('movie_20', 'Timmy Failure: Mistakes Were Made', 2020),
('movie_200', '2 Hearts', 2020),
('movie_201', 'The Opening Act', 2020),
('movie_202', 'Tremors: Shrieker Island', 2020),
('movie_203', 'The Witches', 2020),
('movie_204', 'Over the Moon', 2020),
('movie_205', 'Borat Subsequent Moviefilm', 2020),
('movie_206', 'After We Collided', 2020),
('movie_207', 'The Empty Man', 2020),
('movie_208', 'Synchronic', 2020),
('movie_209', 'Bad Hair', 2020),
('movie_21', 'Horse Girl', 2020),
('movie_210', 'Friendsgiving', 2020),
('movie_211', 'The Craft: Legacy', 2020),
('movie_212', 'Holidate', 2020),
('movie_213', 'Come Play', 2020),
('movie_214', 'His House', 2020),
('movie_215', 'Spell', 2020),
('movie_216', 'Jungleland', 2020),
('movie_217', 'Let Him Go', 2020),
('movie_218', 'The Informer', 2020),
('movie_219', 'The Dark and the Wicked', 2020),
('movie_22', 'To All the Boys: P.S. I Still Love You', 2020),
('movie_220', 'Hillbilly Elegy', 2020),
('movie_221', 'Mank', 2020),
('movie_222', 'Freaky', 2020),
('movie_223', 'Jingle Jangle: A Christmas Journey', 2020),
('movie_224', 'Dreamland', 2020),
('movie_225', 'Fatman', 2020),
('movie_226', 'The Life Ahead', 2020),
('movie_227', 'The Climb', 2020),
('movie_228', 'Chick Fight', 2020),
('movie_229', 'The Princess Switch: Switched Again', 2020),
('movie_23', 'Sonic the Hedgehog', 2020),
('movie_230', 'Run', 2020),
('movie_231', 'Sound of Metal', 2020),
('movie_232', 'The Last Vermeer', 2020),
('movie_233', 'Jiu Jitsu', 2020),
('movie_234', 'Buddy Games', 2020),
('movie_235', 'The Croods: A New Age', 2020),
('movie_236', 'Happiest Season', 2020),
('movie_237', 'Ma Rainey\'s Black Bottom', 2020),
('movie_238', 'The Christmas Chronicles 2', 2020),
('movie_239', 'Uncle Frank', 2020),
('movie_24', 'Fantasy Island', 2020),
('movie_240', 'Folklore: The Long Pond Studio Sessions', 2020),
('movie_241', 'Superintelligence', 2020),
('movie_242', 'Life in a Year', 2020),
('movie_243', 'Black Beauty', 2020),
('movie_244', 'The Prom', 2020),
('movie_245', 'All My Life', 2020),
('movie_246', 'Godmothered', 2020),
('movie_247', 'Half Brothers', 2020),
('movie_248', 'Wander', 2020),
('movie_249', 'Black Bear', 2020),
('movie_25', 'The Photograph', 2020),
('movie_250', 'Let Them All Talk', 2020),
('movie_251', 'The Midnight Sky', 2020),
('movie_252', 'Songbird', 2020),
('movie_253', 'Wild Mountain Thyme', 2020),
('movie_254', 'Safety', 2020),
('movie_255', 'Wander Darkly', 2020),
('movie_256', 'I\'m Your Woman', 2020),
('movie_257', 'The Stand In', 2020),
('movie_258', 'Archenemy', 2020),
('movie_259', 'Farewell Amor', 2020),
('movie_26', 'Downhill', 2020),
('movie_260', 'Monster Hunter', 2020),
('movie_261', 'Greenland', 2020),
('movie_262', 'Fatale', 2020),
('movie_263', 'Skylines', 2020),
('movie_264', 'Hunter Hunter', 2020),
('movie_265', 'Breach', 2020),
('movie_266', 'Ariana Grande: Excuse Me, I Love You', 2020),
('movie_267', 'Sylvie\'s Love', 2020),
('movie_268', 'Wonder Woman 1984', 2020),
('movie_269', 'Soul', 2020),
('movie_27', 'Spy Intervention', 2020),
('movie_270', 'We Can Be Heroes', 2020),
('movie_271', 'News of the World', 2020),
('movie_272', 'One Night in Miami...', 2020),
('movie_273', 'Promising Young Woman', 2020),
('movie_274', 'Pieces of a Woman', 2020),
('movie_275', 'Shadow in the Cloud', 2021),
('movie_276', 'The White Tiger', 2021),
('movie_277', 'Locked Down', 2021),
('movie_278', 'The Dig', 2021),
('movie_279', 'Outside the Wire', 2021),
('movie_28', 'The Kindness of Strangers', 2020),
('movie_280', 'The Marksman', 2021),
('movie_281', 'The Ultimate Playlist of Noise', 2021),
('movie_282', 'American Skin', 2021),
('movie_283', 'Don\'t Tell a Soul', 2021),
('movie_284', 'Our Friend', 2021),
('movie_285', 'No Man\'s Land', 2021),
('movie_286', 'Born a Champion', 2021),
('movie_287', 'Wrong Turn', 2021),
('movie_288', 'Penguin Bloom', 2021),
('movie_289', 'The Little Things', 2021),
('movie_29', 'The Call of the Wild', 2020),
('movie_290', 'Finding ʻOhana', 2021),
('movie_291', 'Nomadland', 2021),
('movie_292', 'Malcolm & Marie', 2021),
('movie_293', 'Palmer', 2021),
('movie_294', 'Falling', 2021),
('movie_295', 'Bliss', 2021),
('movie_296', 'Little Fish', 2021),
('movie_297', 'Son of the South', 2021),
('movie_298', 'PVT Chat', 2021),
('movie_299', 'Music', 2021),
('movie_3', 'Like a Boss', 2020),
('movie_30', 'Emma', 2020),
('movie_300', 'Judas and the Black Messiah', 2021),
('movie_301', 'The Mauritanian', 2021),
('movie_302', 'Breaking News in Yuba County', 2021),
('movie_303', 'Barb and Star Go to Vista Del Mar', 2021),
('movie_304', 'Minari', 2021),
('movie_305', 'To All the Boys: Always and Forever', 2021),
('movie_306', 'The World to Come', 2021),
('movie_307', 'French Exit', 2021),
('movie_308', 'Land', 2021),
('movie_309', 'Willy\'s Wonderland', 2021),
('movie_31', 'The Last Thing He Wanted', 2020),
('movie_310', 'The Map of Tiny Perfect Things', 2021),
('movie_311', 'Fear of Rain', 2021),
('movie_312', 'I Care a Lot', 2021),
('movie_313', 'Flora & Ulysses', 2021),
('movie_314', 'Silk Road', 2021),
('movie_315', 'Tom & Jerry', 2021),
('movie_316', 'The United States vs. Billie Holiday', 2021),
('movie_317', 'Cherry', 2021),
('movie_318', 'Crisis', 2021),
('movie_319', 'Billie Eilish: The World\'s a Little Blurry', 2021),
('movie_32', 'Brahms: The Boy II', 2020),
('movie_320', 'The Vigil', 2021),
('movie_321', 'Moxie', 2021),
('movie_322', 'Coming 2 America', 2021),
('movie_323', 'The SpongeBob Movie: Sponge on the Run', 2021),
('movie_324', 'Raya and the Last Dragon', 2021),
('movie_325', 'Chaos Walking', 2021),
('movie_326', 'Boss Level', 2021),
('movie_327', 'Boogie', 2021),
('movie_328', 'Yes Day', 2021),
('movie_329', 'Long Weekend', 2021),
('movie_33', 'The Night Clerk', 2020),
('movie_330', 'Cosmic Sin', 2021),
('movie_331', 'Trust', 2021),
('movie_332', 'Zack Snyder\'s Justice League', 2021),
('movie_333', 'The Courier', 2021),
('movie_334', 'City of Lies', 2021),
('movie_335', 'Happily', 2021),
('movie_336', 'Nobody', 2021),
('movie_337', 'Bad Trip', 2021),
('movie_338', 'The Seventh Day', 2021),
('movie_339', 'Senior Moment', 2021),
('movie_34', 'Impractical Jokers: The Movie', 2020),
('movie_340', 'Godzilla vs. Kong', 2021),
('movie_341', 'Concrete Cowboy', 2021),
('movie_342', 'The Unholy', 2021),
('movie_343', 'Every Breath You Take', 2021),
('movie_344', 'Shiva Baby', 2021),
('movie_345', 'The Girl Who Believes in Miracles', 2021),
('movie_346', 'The Believer', 2021),
('movie_347', 'Dawn of the Beast', 2021),
('movie_348', 'Voyagers', 2021),
('movie_349', 'Thunder Force', 2021),
('movie_35', 'The Invisible Man', 2020),
('movie_350', 'Arlo the Alligator Boy', 2021),
('movie_351', 'Monday', 2021),
('movie_352', 'In the Earth', 2021),
('movie_353', 'Stowaway', 2021),
('movie_354', 'Mortal Kombat', 2021),
('movie_355', 'The Mitchells vs. the Machines', 2021),
('movie_356', 'Vanquish', 2021),
('movie_357', 'Together Together', 2021),
('movie_358', 'We Broke Up', 2021),
('movie_359', 'The Deep Ones', 2021),
('movie_36', 'All the Bright Places', 2020),
('movie_360', 'Things Heard & Seen', 2021),
('movie_361', 'Without Remorse', 2021),
('movie_362', 'The Virtuoso', 2021),
('movie_363', 'Four Good Days', 2021),
('movie_364', 'Separation', 2021),
('movie_365', 'The Resort', 2021),
('movie_366', 'Wrath of Man', 2021),
('movie_367', 'Monster', 2021),
('movie_368', 'The Paper Tigers', 2021),
('movie_369', 'Mainstream', 2021),
('movie_37', 'Wendy', 2020),
('movie_370', 'The Water Man', 2021),
('movie_371', 'Here Today', 2021),
('movie_372', 'Above Suspicion', 2021),
('movie_373', 'Reboot Camp', 2021),
('movie_374', 'Benny Loves You', 2021),
('movie_375', 'Oxygen', 2021),
('movie_376', 'Army of the Dead', 2021),
('movie_377', 'Those Who Wish Me Dead', 2021),
('movie_378', 'The Woman in the Window', 2021),
('movie_379', 'Spiral', 2021),
('movie_38', 'Guns Akimbo', 2020),
('movie_380', 'Georgetown', 2021),
('movie_381', 'Finding You', 2021),
('movie_382', 'The Killing of Two Lovers', 2021),
('movie_383', '616 Wilford Lane', 2021),
('movie_384', 'Dream Horse', 2021),
('movie_385', 'Blast Beat', 2021),
('movie_386', 'A Quiet Place Part II', 2021),
('movie_387', 'Cruella', 2021),
('movie_388', 'Plan B', 2021),
('movie_389', 'Changing the Game', 2021),
('movie_39', 'Onward', 2020),
('movie_390', 'Spirit Untamed', 2021),
('movie_391', 'The Conjuring: The Devil Made Me Do It', 2021),
('movie_392', 'Gully', 2021),
('movie_393', 'Flashback', 2021),
('movie_394', 'Under the Stadium Lights', 2021),
('movie_395', 'Grace and Grit', 2021),
('movie_396', 'Awake', 2021),
('movie_397', 'Infinite', 2021),
('movie_398', 'Peter Rabbit 2: The Runaway', 2021),
('movie_399', 'In the Heights', 2021),
('movie_4', 'Three Christs', 2020),
('movie_40', 'The Way Back', 2020),
('movie_400', 'Wish Dragon', 2021),
('movie_401', 'The Misfits', 2021),
('movie_402', '12 Mighty Orphans', 2021),
('movie_403', 'The House Next Door: Meet the Blacks 2', 2021),
('movie_404', 'Queen Bees', 2021),
('movie_405', 'DOMINO: Battle of the Bones', 2021),
('movie_406', 'Hitman\'s Wife\'s Bodyguard', 2021),
('movie_407', 'Luca', 2021),
('movie_408', 'Fatherhood', 2021),
('movie_409', 'The Birthday Cake', 2021),
('movie_41', 'Spenser Confidential', 2020),
('movie_410', 'Rita Moreno: Just a Girl Who Decided to Go for It', 2021),
('movie_411', 'The Sparks Brothers', 2021),
('movie_412', 'Truman & Tennessee: An Intimate Conversation', 2021),
('movie_413', 'Stalker', 2021),
('movie_414', 'Love Spreads', 2021),
('movie_415', 'A Crime on the Bayou', 2021),
('movie_416', 'Good on Paper', 2021),
('movie_417', 'F9', 2021),
('movie_418', 'The Ice Road', 2021),
('movie_419', 'Werewolves Within', 2021),
('movie_42', 'The Banker', 2020),
('movie_420', 'False Positive', 2021),
('movie_421', 'Lansky', 2021),
('movie_422', 'I Carry You with Me', 2021),
('movie_423', 'Mary J. Blige\'s My Life', 2021),
('movie_424', 'Fathom', 2021),
('movie_425', 'Rollers', 2021),
('movie_426', 'America: The Motion Picture', 2021),
('movie_427', 'Zola', 2021),
('movie_428', 'No Sudden Move', 2021),
('movie_429', 'The Tomorrow War', 2021),
('movie_43', 'The Burnt Orange Heresy', 2020),
('movie_430', 'The Boss Baby: Family Business', 2021),
('movie_431', 'The Forever Purge', 2021),
('movie_432', 'Fear Street Part One: 1994', 2021),
('movie_433', 'Summer of Soul', 2021),
('movie_434', 'Till Death', 2021),
('movie_435', 'Let Us In', 2021),
('movie_436', 'Black Widow', 2021),
('movie_437', 'Fear Street Part Two: 1978', 2021),
('movie_438', 'Summertime', 2021),
('movie_439', 'Gunpowder Milkshake', 2021),
('movie_44', 'Swallow', 2020),
('movie_440', 'Space Jam: A New Legacy', 2021),
('movie_441', 'Escape Room: Tournament of Champions', 2021),
('movie_442', 'Fear Street Part Three: 1666', 2021),
('movie_443', 'Die in a Gunfight', 2021),
('movie_444', 'Pig', 2021),
('movie_445', 'Out of Death', 2021),
('movie_446', 'Roadrunner: A Film About Anthony Bourdain', 2021),
('movie_447', 'How It Ends', 2021),
('movie_448', 'Trollhunters: Rise of the Titans', 2021),
('movie_449', 'Snake Eyes', 2021),
('movie_45', 'First Cow', 2020),
('movie_450', 'Old', 2021),
('movie_451', 'Joe Bell', 2021),
('movie_452', 'Jolt', 2021),
('movie_453', 'Midnight in the Switchgrass', 2021),
('movie_454', 'Broken Diamonds', 2021),
('movie_455', 'Val', 2021),
('movie_456', 'Ailey', 2021),
('movie_457', 'Jungle Cruise', 2021),
('movie_458', 'Vivo', 2021),
('movie_459', 'Stillwater', 2021),
('movie_46', 'Bloodshot', 2020),
('movie_460', 'The Green Knight', 2021),
('movie_461', 'Nine Days', 2021),
('movie_462', 'Ride the Eagle', 2021),
('movie_463', 'The Evening Hour', 2021),
('movie_464', 'Lorelei', 2021),
('movie_465', 'Enemies of the State', 2021),
('movie_466', 'The Suicide Squad', 2021),
('movie_467', 'Naked Singularity', 2021),
('movie_468', 'John and the Hole', 2021),
('movie_469', 'Playing God', 2021),
('movie_47', 'The Hunt', 2020),
('movie_470', 'Swan Song', 2021),
('movie_471', 'She Ball', 2021),
('movie_472', 'The Kissing Booth 3', 2021),
('movie_473', 'Homeroom', 2021),
('movie_474', 'Free Guy', 2021),
('movie_475', 'Respect', 2021),
('movie_476', 'Beckett', 2021),
('movie_477', 'Don\'t Breathe 2', 2021),
('movie_478', 'CODA', 2021),
('movie_479', 'Not Going Quietly', 2021),
('movie_48', 'I Still Believe', 2020),
('movie_480', 'PAW Patrol: The Movie', 2021),
('movie_481', 'Reminiscence', 2021),
('movie_482', 'The Protégé', 2021),
('movie_483', 'Sweet Girl', 2021),
('movie_484', 'The Loud House Movie', 2021),
('movie_485', 'The Night House', 2021),
('movie_486', 'Flag Day', 2021),
('movie_487', 'Cryptozoo', 2021),
('movie_488', 'Habit', 2021),
('movie_489', 'Demonic', 2021),
('movie_49', 'Lost Girls', 2020),
('movie_490', 'Risen', 2021),
('movie_491', 'The Witcher: Nightmare of the Wolf', 2021),
('movie_492', 'Really Love', 2021),
('movie_493', 'Candyman', 2021),
('movie_494', 'Vacation Friends', 2021),
('movie_495', 'He\'s All That', 2021),
('movie_496', 'No Man of God', 2021),
('movie_497', 'Rushed', 2021),
('movie_498', 'Afterlife of the Party', 2021),
('movie_499', 'Shang-Chi and the Legend of the Ten Rings', 2021),
('movie_5', 'Inherit the Viper', 2020),
('movie_50', 'Stargirl', 2020),
('movie_500', 'Cinderella', 2021),
('movie_501', 'Worth', 2021),
('movie_502', 'The Gateway', 2021),
('movie_503', 'Wild Indian', 2021),
('movie_504', 'We Need to Do Something', 2021),
('movie_505', 'Kate', 2021),
('movie_506', 'Everybody\'s Talking About Jamie', 2021),
('movie_507', 'Malignant', 2021),
('movie_508', 'Queenpins', 2021),
('movie_509', 'The Card Counter', 2021),
('movie_51', 'The Roads Not Taken', 2020),
('movie_510', 'Come from Away', 2021),
('movie_511', 'The Voyeurs', 2021),
('movie_512', 'Small Engine Repair', 2021),
('movie_513', 'Language Lessons', 2021),
('movie_514', 'Show Me the Father', 2021),
('movie_515', 'Catch the Bullet', 2021),
('movie_516', 'Dating and New York', 2021),
('movie_517', 'Bad Candy', 2021),
('movie_518', 'Generation Wrecks', 2021),
('movie_519', 'My Son', 2021),
('movie_52', 'Never Rarely Sometimes Always', 2020),
('movie_520', 'Nightbooks', 2021),
('movie_521', 'The Starling', 2021),
('movie_522', 'The Eyes of Tammy Faye', 2021),
('movie_523', 'Cry Macho', 2021),
('movie_524', 'Copshop', 2021),
('movie_525', 'Blue Bayou', 2021),
('movie_526', 'Prisoners of the Ghostland', 2021),
('movie_527', 'Best Sellers', 2021),
('movie_528', 'Lady of the Manor', 2021),
('movie_529', 'The Nowhere Inn', 2021),
('movie_53', 'Big Time Adolescence', 2020),
('movie_530', 'My Name is Pauli Murray', 2021),
('movie_531', 'The Killing of Kenneth Chamberlain', 2021),
('movie_532', 'Intrusion', 2021),
('movie_533', 'My Little Pony: A New Generation', 2021),
('movie_534', 'Dear Evan Hansen', 2021),
('movie_535', 'The Guilty', 2021),
('movie_536', 'Birds of Paradise', 2021),
('movie_537', 'After We Fell', 2021),
('movie_538', 'Venom: Let There Be Carnage', 2021),
('movie_539', 'The Many Saints of Newark', 2021),
('movie_54', 'Lost Transmissions', 2020),
('movie_540', 'The Addams Family 2', 2021),
('movie_541', 'Bingo Hell', 2021),
('movie_542', 'Black as Night', 2021),
('movie_543', 'Old Henry', 2021),
('movie_544', 'The Jesus Music', 2021),
('movie_545', 'Mayday', 2021),
('movie_546', 'God\'s Not Dead: We the People', 2021),
('movie_547', 'There\'s Someone Inside Your House', 2021),
('movie_548', 'No Time to Die', 2021),
('movie_549', 'Mass', 2021),
('movie_55', 'Resistance', 2020),
('movie_550', 'South of Heaven', 2021),
('movie_551', 'The Manor', 2021),
('movie_552', 'Madres', 2021),
('movie_553', 'Justin Bieber: Our World', 2021),
('movie_554', 'Survive the Game', 2021),
('movie_555', 'Halloween Kills', 2021),
('movie_556', 'The Last Duel', 2021),
('movie_557', 'Needle in a Timestack', 2021),
('movie_558', 'Hard Luck Love Song', 2021),
('movie_559', 'Introducing, Selma Blair', 2021),
('movie_56', 'Uncorked', 2020),
('movie_560', 'The Velvet Underground', 2021),
('movie_561', 'Night Teeth', 2021),
('movie_562', 'Dune', 2021),
('movie_563', 'Ron\'s Gone Wrong', 2021),
('movie_564', 'The French Dispatch', 2021),
('movie_565', 'The Harder They Fall', 2021),
('movie_566', 'The Electrical Life of Louis Wain', 2021),
('movie_567', 'Warning', 2021),
('movie_568', 'Passing', 2021),
('movie_569', 'Hypnotic', 2021),
('movie_57', 'Vivarium', 2020),
('movie_570', 'Antlers', 2021),
('movie_571', 'Army of Thieves', 2021),
('movie_572', 'A Mouthful of Air', 2021),
('movie_573', 'The Souvenir Part II', 2021),
('movie_574', 'Paranormal Activity: Next of Kin', 2021),
('movie_575', 'The Spine of Night', 2021),
('movie_576', 'Violet', 2021),
('movie_577', 'Heart of Champions', 2021),
('movie_578', 'Eternals', 2021),
('movie_579', 'Red Notice', 2021),
('movie_58', 'Coffee & Kareem', 2020),
('movie_580', 'Finch', 2021),
('movie_581', 'Spencer', 2021),
('movie_582', 'Dangerous', 2021),
('movie_583', 'Love Hard', 2021),
('movie_584', 'The Beta Test', 2021),
('movie_585', 'Clifford the Big Red Dog', 2021),
('movie_586', 'Tick, Tick... Boom!', 2021),
('movie_587', 'Home Sweet Home Alone', 2021),
('movie_588', 'Apex', 2021),
('movie_589', 'The Power of the Dog', 2021),
('movie_59', 'Trolls World Tour', 2020),
('movie_590', 'Bruised', 2021),
('movie_591', 'The Princess Switch 3: Romancing the Star', 2021),
('movie_592', 'Ghostbusters: Afterlife', 2021),
('movie_593', 'King Richard', 2021),
('movie_594', 'Extinct', 2021),
('movie_595', 'C\'mon C\'mon', 2021),
('movie_596', 'Black Friday', 2021),
('movie_597', 'Zeros and Ones', 2021),
('movie_598', 'Friend of the World', 2021),
('movie_599', 'Encanto', 2021),
('movie_6', 'The Sonata', 2020),
('movie_60', 'Love Wedding Repeat', 2020),
('movie_600', 'House of Gucci', 2021),
('movie_601', 'The Unforgivable', 2021),
('movie_602', 'Resident Evil: Welcome to Raccoon City', 2021),
('movie_603', '8-Bit Christmas', 2021),
('movie_604', 'The Humans', 2021),
('movie_605', 'South Park: Post Covid', 2021),
('movie_606', 'Licorice Pizza', 2021),
('movie_607', 'Single All the Way', 2021),
('movie_608', 'Back to the Outback', 2021),
('movie_609', 'Diary of a Wimpy Kid', 2021),
('movie_61', 'The Main Event', 2020),
('movie_610', 'Encounter', 2021),
('movie_611', 'Mixtape', 2021),
('movie_612', 'Deadlock', 2021),
('movie_613', 'West Side Story', 2021),
('movie_614', 'Don\'t Look Up', 2021),
('movie_615', 'National Champions', 2021),
('movie_616', 'Being the Ricardos', 2021),
('movie_617', 'Red Rocket', 2021),
('movie_618', 'The Hating Game', 2021),
('movie_619', 'Rumble', 2021),
('movie_62', 'We Summon the Darkness', 2020),
('movie_620', 'South Park: Post Covid: The Return of Covid', 2021),
('movie_621', 'Spider-Man: No Way Home', 2021),
('movie_622', 'Nightmare Alley', 2021),
('movie_623', 'The Lost Daughter', 2021),
('movie_624', 'The Tender Bar', 2021),
('movie_625', 'Mother/Android', 2021),
('movie_626', 'Fortress', 2021),
('movie_627', 'Sing 2', 2021),
('movie_628', 'The Matrix Resurrections', 2021),
('movie_629', 'The King\'s Man', 2021),
('movie_63', 'The Lost Husband', 2020),
('movie_630', 'The Tragedy of Macbeth', 2021),
('movie_631', 'A Journal for Jordan', 2021),
('movie_632', 'American Underdog', 2021),
('movie_633', 'Memoria', 2021),
('movie_634', 'The 355', 2022),
('movie_635', 'The Legend of La Llorona', 2022),
('movie_636', 'The Commando', 2022),
('movie_637', 'American Siege', 2022),
('movie_638', 'Scream', 2022),
('movie_639', 'Hotel Transylvania: Transformania', 2022),
('movie_64', 'Corona Zombies', 2020),
('movie_640', 'Shattered', 2022),
('movie_641', 'The Royal Treatment', 2022),
('movie_642', 'Redeeming Love', 2022),
('movie_643', 'The King\'s Daughter', 2022),
('movie_644', 'The Tiger Rising', 2022),
('movie_645', 'Hellblazers', 2022),
('movie_646', 'The Fallout', 2022),
('movie_647', 'Home Team', 2022),
('movie_648', 'The Ice Age Adventures of Buck Wild', 2022),
('movie_649', 'Clean', 2022),
('movie_65', 'Sergio', 2020),
('movie_650', 'Sundown', 2022),
('movie_651', 'Jackass Forever', 2022),
('movie_652', 'Moonfall', 2022),
('movie_653', 'Last Looks', 2022),
('movie_654', 'The Long Night', 2022),
('movie_655', 'Kimi', 2022),
('movie_656', 'Shut In', 2022),
('movie_657', 'Death on the Nile', 2022),
('movie_658', 'Marry Me', 2022),
('movie_659', 'Blacklight', 2022),
('movie_66', 'The Willoughbys', 2020),
('movie_660', 'I Want You Back', 2022),
('movie_661', 'Tall Girl 2', 2022),
('movie_662', 'The Sky Is Everywhere', 2022),
('movie_663', 'The In Between', 2022),
('movie_664', 'Fistful of Vengeance', 2022),
('movie_665', 'Uncharted', 2022),
('movie_666', 'Dog', 2022),
('movie_667', 'Texas Chainsaw Massacre', 2022),
('movie_668', 'The Cursed', 2022),
('movie_669', 'A Fairy Tale After All', 2022),
('movie_67', 'Extraction', 2020),
('movie_670', 'Cyrano', 2022),
('movie_671', 'Studio 666', 2022),
('movie_672', 'A Madea Homecoming', 2022),
('movie_673', 'No Exit', 2022),
('movie_674', 'Gasoline Alley', 2022),
('movie_675', 'The Batman', 2022),
('movie_676', 'After Yang', 2022),
('movie_677', 'Fresh', 2022),
('movie_678', 'A Day to Die', 2022),
('movie_679', 'The Adam Project', 2022),
('movie_68', 'Braking for Whales', 2020),
('movie_680', 'Turning Red', 2022),
('movie_681', 'Tyson\'s Run', 2022),
('movie_682', 'Rescued by Ruby', 2022),
('movie_683', 'The Outfit', 2022),
('movie_684', 'Deep Water', 2022),
('movie_685', 'Cheaper by the Dozen', 2022),
('movie_686', 'Windfall', 2022),
('movie_687', 'X', 2022),
('movie_688', 'Umma', 2022),
('movie_689', 'Alice', 2022),
('movie_69', 'Bad Education', 2020),
('movie_690', 'Master', 2022),
('movie_691', 'Measure of Revenge', 2022),
('movie_692', 'The Lost City', 2022),
('movie_693', 'Everything Everywhere All at Once', 2022),
('movie_694', 'Infinite Storm', 2022),
('movie_695', '7 Days', 2022),
('movie_696', 'Moonshot', 2022),
('movie_697', 'Morbius', 2022),
('movie_698', 'The Bubble', 2022),
('movie_699', 'The Contractor', 2022),
('movie_7', 'The Murder of Nicole Brown Simpson', 2020),
('movie_70', 'Dangerous Lies', 2020),
('movie_700', 'Better Nate Than Ever', 2022),
('movie_701', 'Apollo 10 1⁄2: A Space Age Childhood', 2022),
('movie_702', 'Sonic the Hedgehog 2', 2022),
('movie_703', 'Ambulance', 2022),
('movie_704', 'All the Old Knives', 2022),
('movie_705', 'Metal Lords', 2022),
('movie_706', 'Father Stu', 2022),
('movie_707', 'Fantastic Beasts: The Secrets of Dumbledore', 2022),
('movie_708', 'Dual', 2022),
('movie_709', 'Choose or Die', 2022),
('movie_71', 'All Day and a Night', 2020),
('movie_710', 'Titanic 666', 2022),
('movie_711', 'The Bad Guys', 2022),
('movie_712', 'The Northman', 2022),
('movie_713', 'The Unbearable Weight of Massive Talent', 2022),
('movie_714', 'Polar Bear', 2022),
('movie_715', 'The Survivor', 2022),
('movie_716', 'Memory', 2022),
('movie_717', 'Crush', 2022),
('movie_718', 'Fortress: Sniper\'s Eye', 2022),
('movie_719', 'Green Ghost and the Masters of the Stone', 2022),
('movie_72', 'The Wretched', 2020),
('movie_720', 'Corrective Measures', 2022),
('movie_721', 'Doctor Strange in the Multiverse of Madness', 2022),
('movie_722', 'Along for the Ride', 2022),
('movie_723', 'Marmaduke', 2022),
('movie_724', 'Escape the Field', 2022),
('movie_725', 'Operation Mincemeat', 2022),
('movie_726', 'Senior Year', 2022),
('movie_727', 'Firestarter', 2022),
('movie_728', 'Sneakerella', 2022),
('movie_729', 'On the Count of Three', 2022),
('movie_73', 'The Half of It', 2020),
('movie_730', 'Private Property', 2022),
('movie_731', 'Family Camp', 2022),
('movie_732', 'Montana Story', 2022),
('movie_733', 'Vendetta', 2022),
('movie_734', 'Downton Abbey: A New Era', 2022),
('movie_735', 'Chip \'n Dale: Rescue Rangers', 2022),
('movie_736', 'Good Mourning', 2022),
('movie_737', 'The Valet', 2022),
('movie_738', 'Emergency', 2022),
('movie_739', 'Top Gun: Maverick', 2022),
('movie_74', 'Arkansas', 2020),
('movie_740', 'The Bob\'s Burgers Movie', 2022),
('movie_741', 'Zero Contact', 2022),
('movie_742', 'A Chiara', 2022),
('movie_743', 'South Park The Streaming Wars', 2022),
('movie_744', 'Hollywood Stargirl', 2022),
('movie_745', 'Crimes of the Future', 2022),
('movie_746', 'Benediction', 2022),
('movie_747', 'Interceptor', 2022),
('movie_748', 'Fire Island', 2022),
('movie_749', 'Watcher', 2022),
('movie_75', 'Valley Girl', 2020),
('movie_750', 'Dashcam', 2022),
('movie_751', 'White Elephant', 2022),
('movie_752', 'Hustle', 2022),
('movie_753', 'Jurassic World Dominion', 2022),
('movie_754', 'Jennifer Lopez: Halftime', 2022),
('movie_755', 'Father of the Bride', 2022),
('movie_756', 'Lightyear', 2022),
('movie_757', 'Spiderhead', 2022),
('movie_758', 'Jerry & Marge Go Large', 2022),
('movie_759', 'Cha Cha Real Smooth', 2022),
('movie_76', 'Capone', 2020),
('movie_760', 'Mid-Century', 2022),
('movie_761', 'Abandoned', 2022),
('movie_762', 'Beavis and Butt-Head Do the Universe', 2022),
('movie_763', 'Elvis', 2022),
('movie_764', 'The Black Phone', 2022),
('movie_765', 'The Man from Toronto', 2022),
('movie_766', 'The Sea Beast', 2022),
('movie_767', 'Marcel the Shell with Shoes On', 2022),
('movie_768', 'Rise', 2022),
('movie_769', 'Press Play', 2022),
('movie_77', 'The Wrong Missy', 2020),
('movie_770', 'Beauty', 2022),
('movie_771', 'Minions: The Rise of Gru', 2022),
('movie_772', 'The Forgiven', 2022),
('movie_773', 'Mr. Malcolm\'s List', 2022),
('movie_774', 'The Princess', 2022),
('movie_775', 'Hot Seat', 2022),
('movie_776', 'Hello, Goodbye, and Everything in Between', 2022),
('movie_777', 'Thor: Love and Thunder', 2022),
('movie_778', 'South Park The Streaming Wars Part 2', 2022),
('movie_779', 'The Gray Man', 2022),
('movie_78', 'Scoob!', 2020),
('movie_780', 'Where the Crawdads Sing', 2022),
('movie_781', 'Paws of Fury: The Legend of Hank', 2022),
('movie_782', 'Persuasion', 2022),
('movie_783', 'Gone in the Night', 2022),
('movie_784', '1Up', 2022),
('movie_785', 'Wrong Place', 2022),
('movie_786', 'Don\'t Make Me Go', 2022),
('movie_787', 'He\'s Watching', 2022),
('movie_788', 'Nope', 2022),
('movie_789', 'Anything\'s Possible', 2022),
('movie_79', 'Blood and Money', 2020),
('movie_790', 'Alone Together', 2022),
('movie_791', 'DC League of Super-Pets', 2022),
('movie_792', 'Thirteen Lives', 2022),
('movie_793', 'Vengeance', 2022),
('movie_794', 'Sharp Stick', 2022),
('movie_795', 'Not Okay', 2022),
('movie_796', 'Paradise Highway', 2022),
('movie_797', 'Resurrection', 2022),
('movie_798', 'A Love Song', 2022),
('movie_799', 'Honor Society', 2022),
('movie_8', 'Bad Boys for Life', 2020),
('movie_80', 'Body Cam', 2020),
('movie_800', 'Allegoria', 2022),
('movie_801', 'Bullet Train', 2022),
('movie_802', 'Luck', 2022),
('movie_803', 'Prey', 2022),
('movie_804', 'Easter Sunday', 2022),
('movie_805', 'Rise of the Teenage Mutant Ninja Turtles: The Movie', 2022),
('movie_806', 'Bodies Bodies Bodies', 2022),
('movie_807', 'They/Them', 2022),
('movie_808', 'Secret Headquarters', 2022),
('movie_809', 'Day Shift', 2022),
('movie_81', 'The Lovebirds', 2020),
('movie_810', 'Mack & Rita', 2022),
('movie_811', 'Fall', 2022),
('movie_812', 'Emily the Criminal', 2022),
('movie_813', 'Summering', 2022),
('movie_814', 'Beast', 2022),
('movie_815', 'Orphan: First Kill', 2022),
('movie_816', 'Spin Me Round', 2022),
('movie_817', 'Delia\'s Gone', 2022),
('movie_818', 'Three Thousand Years of Longing', 2022),
('movie_819', 'Samaritan', 2022),
('movie_82', 'Inheritance', 2020),
('movie_820', 'Me Time', 2022),
('movie_821', 'The Invitation', 2022),
('movie_822', 'Breaking', 2022),
('movie_823', 'Funny Pages', 2022),
('movie_824', 'Honk for Jesus. Save Your Soul.', 2022),
('movie_825', 'Gigi & Nate', 2022),
('movie_826', 'Wire Room', 2022),
('movie_827', 'One Way', 2022),
('movie_828', 'After Ever Happy', 2022),
('movie_829', 'Pinocchio', 2022),
('movie_83', 'Survive the Night', 2020),
('movie_830', 'Barbarian', 2022),
('movie_831', 'End of the Road', 2022),
('movie_832', 'Lifemark', 2022),
('movie_833', 'Flight/Risk', 2022),
('movie_834', 'Clerks III', 2022),
('movie_835', 'The Woman King', 2022),
('movie_836', 'See How They Run', 2022),
('movie_837', 'Blonde', 2022),
('movie_838', 'Pearl', 2022),
('movie_839', 'Do Revenge', 2022),
('movie_84', 'The Wanting Mare', 2020),
('movie_840', 'The Silent Twins', 2022),
('movie_841', 'Confess, Fletch', 2022),
('movie_842', 'Moonage Daydream', 2022),
('movie_843', 'God\'s Country', 2022),
('movie_844', 'Goodnight Mommy', 2022),
('movie_845', 'Running the Bases', 2022),
('movie_846', 'Jeepers Creepers: Reborn', 2022),
('movie_847', 'Don\'t Worry Darling', 2022),
('movie_848', 'Catherine Called Birdy', 2022),
('movie_849', 'Section Eight', 2022),
('movie_85', 'The High Note', 2020),
('movie_850', 'Lou', 2022),
('movie_851', 'On the Come Up', 2022),
('movie_852', 'A Jazzman\'s Blues', 2022),
('movie_853', 'The Munsters', 2022),
('movie_854', 'Smile', 2022),
('movie_855', 'Bros', 2022),
('movie_856', 'Hocus Pocus 2', 2022),
('movie_857', 'The Greatest Beer Run Ever', 2022),
('movie_858', 'The Good House', 2022),
('movie_859', 'Luckiest Girl Alive', 2022),
('movie_86', 'Shirley', 2020),
('movie_860', 'God\'s Creatures', 2022),
('movie_861', 'Dead for a Dollar', 2022),
('movie_862', 'My Best Friend\'s Exorcism', 2022),
('movie_863', 'Hot Take: The Depp/Heard Trial', 2022),
('movie_864', 'Mr. Harrigan\'s Phone', 2022),
('movie_865', 'Terrifier 2', 2022),
('movie_866', 'Lyle, Lyle, Crocodile', 2022),
('movie_867', 'Amsterdam', 2022),
('movie_868', 'Tár', 2022),
('movie_869', 'Hellraiser', 2022),
('movie_87', 'The Last Days of American Crime', 2020),
('movie_870', 'Significant Other', 2022),
('movie_871', 'The Redeem Team', 2022),
('movie_872', 'Halloween Ends', 2022),
('movie_873', 'Till', 2022),
('movie_874', 'Rosaline', 2022),
('movie_875', 'All Quiet on the Western Front', 2022),
('movie_876', 'Raymond & Ray', 2022),
('movie_877', 'Stars at Noon', 2022),
('movie_878', 'The Curse of Bridge Hollow', 2022),
('movie_879', 'Bitch Ass', 2022),
('movie_88', 'Becky', 2020),
('movie_880', 'The School for Good and Evil', 2022),
('movie_881', 'The Good Nurse', 2022),
('movie_882', 'V/H/S/99', 2022),
('movie_883', 'Black Adam', 2022),
('movie_884', 'Ticket to Paradise', 2022),
('movie_885', 'Wendell & Wild', 2022),
('movie_886', 'The Banshees of Inisherin', 2022),
('movie_887', 'My Policeman', 2022),
('movie_888', 'Aftersun', 2022),
('movie_889', 'Detective Knight: Rogue', 2022),
('movie_89', 'Think Like a Dog', 2020),
('movie_890', 'The Return of Tanya Tucker: Featuring Brandi Carlile', 2022),
('movie_891', 'Armageddon Time', 2022),
('movie_892', 'Call Jane', 2022),
('movie_893', 'Causeway', 2022),
('movie_894', 'Prey for the Devil', 2022),
('movie_895', 'Run Sweetheart Run', 2022),
('movie_896', 'The Wonder', 2022),
('movie_897', 'The Independent', 2022),
('movie_898', 'Enola Holmes 2', 2022),
('movie_899', 'My Father\'s Dragon', 2022),
('movie_9', 'Dolittle', 2020),
('movie_90', 'Da 5 Bloods', 2020),
('movie_900', 'Weird: The Al Yankovic Story', 2022),
('movie_901', 'The Estate', 2022),
('movie_902', 'The Minute You Wake Up Dead', 2022),
('movie_903', 'On the Line', 2022),
('movie_904', 'Dear Zoe', 2022),
('movie_905', 'Something in the Dirt', 2022),
('movie_906', 'Good Night Oppy', 2022),
('movie_907', 'Guillermo del Toro\'s Pinocchio', 2022),
('movie_908', 'Falling for Christmas', 2022),
('movie_909', 'Black Panther: Wakanda Forever', 2022),
('movie_91', 'Artemis Fowl', 2020),
('movie_910', 'The Fabelmans', 2022),
('movie_911', 'Spirited', 2022),
('movie_912', 'Is That Black Enough for You?!?', 2022),
('movie_913', 'Paradise City', 2022),
('movie_914', 'Poker Face', 2022),
('movie_915', 'A Christmas Story Christmas', 2022),
('movie_916', 'Christmas with You', 2022),
('movie_917', 'She Said', 2022),
('movie_918', 'The Menu', 2022),
('movie_919', 'Disenchanted', 2022),
('movie_92', 'The King of Staten Island', 2020),
('movie_920', 'Slumberland', 2022),
('movie_921', 'Bones and All', 2022),
('movie_922', 'The Inspection', 2022),
('movie_923', 'Scrooge: A Christmas Carol', 2022),
('movie_924', 'Lamborghini: The Man Behind the Legend', 2022),
('movie_925', 'The People We Hate at the Wedding', 2022),
('movie_926', 'Prancer: A Christmas Tale', 2022),
('movie_927', 'Strange World', 2022),
('movie_928', 'Glass Onion: A Knives Out Mystery', 2022),
('movie_929', 'Devotion', 2022),
('movie_93', 'Sniper: Assassin\'s End', 2020),
('movie_930', 'Nanny', 2022),
('movie_931', 'A Christmas Mystery', 2022),
('movie_932', 'Holiday Harmony', 2022),
('movie_933', 'The Noel Diary', 2022),
('movie_934', 'White Noise', 2022),
('movie_935', 'A Hollywood Christmas', 2022),
('movie_936', 'Violent Night', 2022),
('movie_937', 'Emancipation', 2022),
('movie_938', 'Spoiler Alert', 2022),
('movie_939', 'Diary of a Wimpy Kid: Rodrick Rules', 2022),
('movie_94', 'You Should Have Left', 2020),
('movie_940', 'Darby and the Dead', 2022),
('movie_941', 'Lady Chatterley\'s Lover', 2022),
('movie_942', 'The Eternal Daughter', 2022),
('movie_943', 'Matilda the Musical', 2022),
('movie_944', 'Empire of Light', 2022),
('movie_945', 'Night at the Museum: Kahmunrah Rises Again', 2022),
('movie_946', 'The Whale', 2022),
('movie_947', 'Something from Tiffany\'s', 2022),
('movie_948', 'Detective Knight: Redemption', 2022),
('movie_949', 'The Mean One', 2022),
('movie_95', 'Wasp Network', 2020),
('movie_950', '5000 Blankets', 2022),
('movie_951', 'Avatar: The Way of Water', 2022),
('movie_952', 'Puss in Boots: The Last Wish', 2022),
('movie_953', 'Wildcat', 2022),
('movie_954', 'Babylon', 2022),
('movie_955', 'Whitney Houston: I Wanna Dance with Somebody', 2022),
('movie_956', 'The Pale Blue Eye', 2022),
('movie_957', 'Women Talking', 2022),
('movie_958', 'A Man Called Otto', 2022),
('movie_959', 'Alice, Darling', 2022),
('movie_96', 'Feel the Beat', 2020),
('movie_960', 'M3GAN', 2023),
('movie_961', 'The Old Way', 2023),
('movie_962', 'The Devil Conspiracy', 2023),
('movie_963', 'Plane', 2023),
('movie_964', 'House Party', 2023),
('movie_965', 'Sick', 2023),
('movie_966', 'The Drop', 2023),
('movie_967', 'Dog Gone', 2023),
('movie_968', 'There\'s Something Wrong with the Children', 2023),
('movie_969', 'Missing', 2023),
('movie_97', '7500', 2020),
('movie_970', 'The Son', 2023),
('movie_971', 'When You Finish Saving the World', 2023),
('movie_972', 'Detective Knight: Independence', 2023),
('movie_973', 'Kids vs. Aliens', 2023),
('movie_974', 'Teen Wolf: The Movie', 2023),
('movie_975', 'You People', 2023),
('movie_976', 'Shotgun Wedding', 2023),
('movie_977', 'Maybe I Do', 2023),
('movie_978', 'Life Upside Down', 2023),
('movie_979', 'Fear', 2023),
('movie_98', 'Athlete A', 2020),
('movie_980', 'Knock at the Cabin', 2023),
('movie_981', '80 for Brady', 2023),
('movie_982', 'The Locksmith', 2023),
('movie_983', 'Baby Ruby', 2023),
('movie_984', 'Freedom\'s Path', 2023),
('movie_985', 'Magic Mike\'s Last Dance', 2023),
('movie_986', 'Sharper', 2023),
('movie_987', 'Your Place or Mine', 2023),
('movie_988', 'Somebody I Used to Know', 2023),
('movie_989', 'Consecration', 2023),
('movie_99', 'Eurovision Song Contest: The Story of Fire Saga', 2020),
('movie_990', 'The Outwaters', 2023),
('movie_991', 'Ant-Man and the Wasp: Quantumania', 2023),
('movie_992', 'Cocaine Bear', 2023),
('movie_993', 'We Have a Ghost', 2023),
('movie_994', 'Luther: The Fallen Sun', 2023),
('movie_995', 'Jesus Revolution', 2023),
('movie_996', 'Bruiser', 2023),
('movie_997', 'Linoleum', 2023),
('movie_998', 'God\'s Time', 2023),
('movie_999', 'Creed III', 2023);

-- --------------------------------------------------------

--
-- Structure de la table `MoviesActors`
--

CREATE TABLE `MoviesActors` (
  `id_movie` varchar(255) NOT NULL,
  `id_actor` varchar(255) NOT NULL
) ENGINE=InnoDB DEFAULT CHARSET=utf8mb4 COLLATE=utf8mb4_general_ci;

--
-- Déchargement des données de la table `MoviesActors`
--

INSERT INTO `MoviesActors` (`id_movie`, `id_actor`) VALUES
('movie_1', 'actor_1'),
('movie_1', 'actor_2'),
('movie_1000', 'actor_113'),
('movie_1000', 'actor_95'),
('movie_1001', 'actor_123'),
('movie_1006', 'actor_121'),
('movie_1006', 'actor_32'),
('movie_1006', 'actor_81'),
('movie_101', 'actor_49'),
('movie_101', 'actor_57'),
('movie_1011', 'actor_107'),
('movie_1011', 'actor_118'),
('movie_1011', 'actor_73'),
('movie_1013', 'actor_100'),
('movie_1013', 'actor_109'),
('movie_1015', 'actor_41'),
('movie_1018', 'actor_119'),
('movie_1018', 'actor_69'),
('movie_1018', 'actor_70'),
('movie_1018', 'actor_82'),
('movie_1019', 'actor_115'),
('movie_1019', 'actor_120'),
('movie_1023', 'actor_27'),
('movie_1025', 'actor_101'),
('movie_1027', 'actor_50'),
('movie_103', 'actor_58'),
('movie_103', 'actor_59'),
('movie_1030', 'actor_25'),
('movie_1030', 'actor_31'),
('movie_1030', 'actor_65'),
('movie_1030', 'actor_80'),
('movie_1031', 'actor_18'),
('movie_1031', 'actor_26'),
('movie_1031', 'actor_96'),
('movie_1033', 'actor_35'),
('movie_1034', 'actor_105'),
('movie_1034', 'actor_89'),
('movie_1035', 'actor_103'),
('movie_1036', 'actor_2'),
('movie_1038', 'actor_90'),
('movie_1040', 'actor_21'),
('movie_1040', 'actor_67'),
('movie_1040', 'actor_93'),
('movie_1041', 'actor_74'),
('movie_1042', 'actor_79'),
('movie_1043', 'actor_113'),
('movie_1048', 'actor_116'),
('movie_1048', 'actor_122'),
('movie_1048', 'actor_29'),
('movie_1050', 'actor_32'),
('movie_1050', 'actor_52'),
('movie_1055', 'actor_35'),
('movie_1057', 'actor_57'),
('movie_1064', 'actor_111'),
('movie_1064', 'actor_73'),
('movie_1064', 'actor_9'),
('movie_1066', 'actor_124'),
('movie_1067', 'actor_38'),
('movie_1067', 'actor_67'),
('movie_1072', 'actor_100'),
('movie_1072', 'actor_86'),
('movie_1073', 'actor_18'),
('movie_1074', 'actor_35'),
('movie_1075', 'actor_110'),
('movie_1075', 'actor_39'),
('movie_1075', 'actor_59'),
('movie_1075', 'actor_7'),
('movie_1076', 'actor_43'),
('movie_1076', 'actor_66'),
('movie_1078', 'actor_123'),
('movie_1078', 'actor_26'),
('movie_108', 'actor_60'),
('movie_1080', 'actor_122'),
('movie_1080', 'actor_17'),
('movie_1080', 'actor_28'),
('movie_1080', 'actor_46'),
('movie_1080', 'actor_60'),
('movie_1080', 'actor_77'),
('movie_1085', 'actor_27'),
('movie_1086', 'actor_43'),
('movie_1086', 'actor_79'),
('movie_1086', 'actor_97'),
('movie_1087', 'actor_107'),
('movie_1087', 'actor_24'),
('movie_109', 'actor_61'),
('movie_1091', 'actor_113'),
('movie_1091', 'actor_40'),
('movie_1091', 'actor_86'),
('movie_1093', 'actor_120'),
('movie_1093', 'actor_63'),
('movie_1094', 'actor_17'),
('movie_1094', 'actor_73'),
('movie_1094', 'actor_9'),
('movie_1095', 'actor_66'),
('movie_1097', 'actor_105'),
('movie_1097', 'actor_4'),
('movie_1098', 'actor_93'),
('movie_1099', 'actor_44'),
('movie_1099', 'actor_65'),
('movie_1099', 'actor_9'),
('movie_11', 'actor_13'),
('movie_11', 'actor_14'),
('movie_1101', 'actor_18'),
('movie_1102', 'actor_118'),
('movie_1102', 'actor_45'),
('movie_1106', 'actor_73'),
('movie_1108', 'actor_103'),
('movie_1114', 'actor_101'),
('movie_1114', 'actor_110'),
('movie_1115', 'actor_104'),
('movie_1116', 'actor_53'),
('movie_1117', 'actor_102'),
('movie_1117', 'actor_108'),
('movie_1119', 'actor_20'),
('movie_1119', 'actor_24'),
('movie_1120', 'actor_74'),
('movie_1120', 'actor_87'),
('movie_1121', 'actor_78'),
('movie_1122', 'actor_76'),
('movie_1123', 'actor_58'),
('movie_1126', 'actor_15'),
('movie_1126', 'actor_39'),
('movie_1126', 'actor_59'),
('movie_1126', 'actor_65'),
('movie_1126', 'actor_69'),
('movie_1127', 'actor_68'),
('movie_113', 'actor_62'),
('movie_1130', 'actor_63'),
('movie_1131', 'actor_104'),
('movie_1131', 'actor_116'),
('movie_1131', 'actor_120'),
('movie_1131', 'actor_38'),
('movie_1131', 'actor_57'),
('movie_1131', 'actor_88'),
('movie_1132', 'actor_16'),
('movie_1133', 'actor_107'),
('movie_1134', 'actor_77'),
('movie_1135', 'actor_83'),
('movie_1136', 'actor_7'),
('movie_1136', 'actor_96'),
('movie_1138', 'actor_64'),
('movie_114', 'actor_63'),
('movie_1143', 'actor_75'),
('movie_1144', 'actor_34'),
('movie_1144', 'actor_54'),
('movie_1144', 'actor_98'),
('movie_1145', 'actor_114'),
('movie_1145', 'actor_31'),
('movie_1145', 'actor_88'),
('movie_1146', 'actor_111'),
('movie_1146', 'actor_28'),
('movie_1146', 'actor_47'),
('movie_1147', 'actor_124'),
('movie_1147', 'actor_85'),
('movie_1148', 'actor_113'),
('movie_1148', 'actor_118'),
('movie_115', 'actor_64'),
('movie_1150', 'actor_97'),
('movie_116', 'actor_19'),
('movie_122', 'actor_65'),
('movie_125', 'actor_66'),
('movie_126', 'actor_4'),
('movie_126', 'actor_67'),
('movie_126', 'actor_68'),
('movie_126', 'actor_69'),
('movie_126', 'actor_70'),
('movie_126', 'actor_71'),
('movie_127', 'actor_72'),
('movie_13', 'actor_15'),
('movie_13', 'actor_16'),
('movie_13', 'actor_8'),
('movie_130', 'actor_73'),
('movie_131', 'actor_74'),
('movie_132', 'actor_75'),
('movie_133', 'actor_36'),
('movie_133', 'actor_75'),
('movie_135', 'actor_50'),
('movie_137', 'actor_76'),
('movie_138', 'actor_32'),
('movie_138', 'actor_70'),
('movie_139', 'actor_25'),
('movie_140', 'actor_77'),
('movie_141', 'actor_78'),
('movie_141', 'actor_79'),
('movie_143', 'actor_80'),
('movie_144', 'actor_53'),
('movie_149', 'actor_30'),
('movie_152', 'actor_32'),
('movie_152', 'actor_81'),
('movie_154', 'actor_11'),
('movie_154', 'actor_15'),
('movie_154', 'actor_34'),
('movie_154', 'actor_82'),
('movie_159', 'actor_18'),
('movie_163', 'actor_41'),
('movie_166', 'actor_47'),
('movie_167', 'actor_14'),
('movie_169', 'actor_83'),
('movie_174', 'actor_84'),
('movie_175', 'actor_3'),
('movie_175', 'actor_85'),
('movie_177', 'actor_86'),
('movie_178', 'actor_1'),
('movie_178', 'actor_87'),
('movie_18', 'actor_17'),
('movie_18', 'actor_18'),
('movie_182', 'actor_64'),
('movie_184', 'actor_44'),
('movie_188', 'actor_88'),
('movie_194', 'actor_23'),
('movie_194', 'actor_3'),
('movie_195', 'actor_59'),
('movie_196', 'actor_24'),
('movie_2', 'actor_3'),
('movie_201', 'actor_22'),
('movie_203', 'actor_10'),
('movie_204', 'actor_49'),
('movie_207', 'actor_89'),
('movie_21', 'actor_19'),
('movie_212', 'actor_90'),
('movie_213', 'actor_72'),
('movie_216', 'actor_54'),
('movie_218', 'actor_29'),
('movie_220', 'actor_34'),
('movie_223', 'actor_31'),
('movie_224', 'actor_17'),
('movie_225', 'actor_91'),
('movie_23', 'actor_20'),
('movie_23', 'actor_21'),
('movie_232', 'actor_37'),
('movie_233', 'actor_92'),
('movie_233', 'actor_93'),
('movie_235', 'actor_7'),
('movie_235', 'actor_93'),
('movie_235', 'actor_94'),
('movie_236', 'actor_19'),
('movie_236', 'actor_95'),
('movie_237', 'actor_96'),
('movie_237', 'actor_97'),
('movie_237', 'actor_98'),
('movie_239', 'actor_48'),
('movie_239', 'actor_89'),
('movie_24', 'actor_22'),
('movie_24', 'actor_23'),
('movie_241', 'actor_100'),
('movie_241', 'actor_99'),
('movie_244', 'actor_31'),
('movie_245', 'actor_101'),
('movie_249', 'actor_87'),
('movie_249', 'actor_95'),
('movie_25', 'actor_24'),
('movie_251', 'actor_102'),
('movie_251', 'actor_2'),
('movie_252', 'actor_41'),
('movie_252', 'actor_55'),
('movie_252', 'actor_8'),
('movie_253', 'actor_63'),
('movie_265', 'actor_50'),
('movie_269', 'actor_66'),
('movie_271', 'actor_60'),
('movie_272', 'actor_58'),
('movie_273', 'actor_19'),
('movie_273', 'actor_6'),
('movie_273', 'actor_69'),
('movie_278', 'actor_12'),
('movie_28', 'actor_1'),
('movie_282', 'actor_62'),
('movie_284', 'actor_51'),
('movie_285', 'actor_92'),
('movie_286', 'actor_103'),
('movie_29', 'actor_8'),
('movie_292', 'actor_104'),
('movie_292', 'actor_76'),
('movie_295', 'actor_105'),
('movie_295', 'actor_5'),
('movie_296', 'actor_106'),
('movie_299', 'actor_58'),
('movie_3', 'actor_4'),
('movie_3', 'actor_5'),
('movie_3', 'actor_6'),
('movie_30', 'actor_25'),
('movie_300', 'actor_24'),
('movie_300', 'actor_78'),
('movie_301', 'actor_107'),
('movie_301', 'actor_108'),
('movie_302', 'actor_67'),
('movie_306', 'actor_87'),
('movie_308', 'actor_2'),
('movie_309', 'actor_93'),
('movie_31', 'actor_26'),
('movie_31', 'actor_27'),
('movie_31', 'actor_28'),
('movie_310', 'actor_101'),
('movie_312', 'actor_18'),
('movie_312', 'actor_36'),
('movie_312', 'actor_7'),
('movie_313', 'actor_21'),
('movie_314', 'actor_55'),
('movie_315', 'actor_24'),
('movie_315', 'actor_49'),
('movie_315', 'actor_99'),
('movie_316', 'actor_83'),
('movie_317', 'actor_11'),
('movie_323', 'actor_4'),
('movie_323', 'actor_67'),
('movie_323', 'actor_68'),
('movie_323', 'actor_69'),
('movie_323', 'actor_70'),
('movie_323', 'actor_71'),
('movie_324', 'actor_109'),
('movie_324', 'actor_67'),
('movie_325', 'actor_102'),
('movie_325', 'actor_11'),
('movie_325', 'actor_2'),
('movie_326', 'actor_110'),
('movie_326', 'actor_49'),
('movie_326', 'actor_91'),
('movie_326', 'actor_92'),
('movie_327', 'actor_98'),
('movie_328', 'actor_42'),
('movie_328', 'actor_81'),
('movie_33', 'actor_29'),
('movie_33', 'actor_30'),
('movie_330', 'actor_50'),
('movie_330', 'actor_92'),
('movie_332', 'actor_111'),
('movie_332', 'actor_26'),
('movie_332', 'actor_28'),
('movie_332', 'actor_61'),
('movie_333', 'actor_108'),
('movie_335', 'actor_89'),
('movie_337', 'actor_24'),
('movie_337', 'actor_4'),
('movie_338', 'actor_37'),
('movie_340', 'actor_100'),
('movie_340', 'actor_2'),
('movie_340', 'actor_36'),
('movie_341', 'actor_112'),
('movie_342', 'actor_113'),
('movie_348', 'actor_14'),
('movie_349', 'actor_10'),
('movie_349', 'actor_99'),
('movie_350', 'actor_6'),
('movie_351', 'actor_15'),
('movie_353', 'actor_79'),
('movie_355', 'actor_114'),
('movie_355', 'actor_44'),
('movie_355', 'actor_80'),
('movie_356', 'actor_115'),
('movie_36', 'actor_31'),
('movie_361', 'actor_37'),
('movie_361', 'actor_97'),
('movie_362', 'actor_13'),
('movie_363', 'actor_89'),
('movie_366', 'actor_106'),
('movie_366', 'actor_13'),
('movie_367', 'actor_116'),
('movie_367', 'actor_46'),
('movie_367', 'actor_52'),
('movie_367', 'actor_76'),
('movie_370', 'actor_102'),
('movie_371', 'actor_4'),
('movie_376', 'actor_106'),
('movie_376', 'actor_57'),
('movie_376', 'actor_62'),
('movie_377', 'actor_117'),
('movie_378', 'actor_100'),
('movie_378', 'actor_84'),
('movie_379', 'actor_16'),
('movie_38', 'actor_32'),
('movie_384', 'actor_79'),
('movie_386', 'actor_118'),
('movie_386', 'actor_63'),
('movie_387', 'actor_55'),
('movie_39', 'actor_10'),
('movie_39', 'actor_11'),
('movie_390', 'actor_36'),
('movie_390', 'actor_84'),
('movie_392', 'actor_52'),
('movie_392', 'actor_54'),
('movie_394', 'actor_119'),
('movie_397', 'actor_27'),
('movie_397', 'actor_33'),
('movie_398', 'actor_102'),
('movie_398', 'actor_17'),
('movie_399', 'actor_59'),
('movie_4', 'actor_7'),
('movie_4', 'actor_8'),
('movie_40', 'actor_26'),
('movie_400', 'actor_22'),
('movie_401', 'actor_56'),
('movie_403', 'actor_71'),
('movie_405', 'actor_68'),
('movie_406', 'actor_115'),
('movie_406', 'actor_16'),
('movie_406', 'actor_5'),
('movie_406', 'actor_92'),
('movie_406', 'actor_94'),
('movie_407', 'actor_44'),
('movie_408', 'actor_24'),
('movie_41', 'actor_33'),
('movie_410', 'actor_115'),
('movie_414', 'actor_36'),
('movie_417', 'actor_23'),
('movie_417', 'actor_73'),
('movie_417', 'actor_9'),
('movie_418', 'actor_119'),
('movie_42', 'actor_16'),
('movie_420', 'actor_56'),
('movie_421', 'actor_35'),
('movie_426', 'actor_40'),
('movie_426', 'actor_43'),
('movie_426', 'actor_48'),
('movie_427', 'actor_97'),
('movie_427', 'actor_98'),
('movie_428', 'actor_45'),
('movie_429', 'actor_61'),
('movie_430', 'actor_20'),
('movie_434', 'actor_53'),
('movie_436', 'actor_120'),
('movie_436', 'actor_45'),
('movie_437', 'actor_72'),
('movie_439', 'actor_110'),
('movie_44', 'actor_34'),
('movie_440', 'actor_104'),
('movie_442', 'actor_72'),
('movie_443', 'actor_41'),
('movie_444', 'actor_93'),
('movie_445', 'actor_50'),
('movie_447', 'actor_80'),
('movie_449', 'actor_32'),
('movie_45', 'actor_35'),
('movie_451', 'actor_33'),
('movie_452', 'actor_99'),
('movie_453', 'actor_50'),
('movie_453', 'actor_53'),
('movie_457', 'actor_42'),
('movie_457', 'actor_63'),
('movie_457', 'actor_78'),
('movie_458', 'actor_100'),
('movie_458', 'actor_23'),
('movie_46', 'actor_36'),
('movie_46', 'actor_37'),
('movie_461', 'actor_109'),
('movie_461', 'actor_82'),
('movie_466', 'actor_112'),
('movie_466', 'actor_17'),
('movie_466', 'actor_23'),
('movie_466', 'actor_39'),
('movie_466', 'actor_9'),
('movie_466', 'actor_96'),
('movie_467', 'actor_116'),
('movie_467', 'actor_82'),
('movie_470', 'actor_6'),
('movie_472', 'actor_64'),
('movie_474', 'actor_24'),
('movie_474', 'actor_94'),
('movie_476', 'actor_76'),
('movie_482', 'actor_16'),
('movie_483', 'actor_111'),
('movie_486', 'actor_13'),
('movie_493', 'actor_47'),
('movie_493', 'actor_97'),
('movie_494', 'actor_24'),
('movie_494', 'actor_9'),
('movie_499', 'actor_109'),
('movie_499', 'actor_110'),
('movie_499', 'actor_67'),
('movie_500', 'actor_56'),
('movie_502', 'actor_86'),
('movie_502', 'actor_92'),
('movie_508', 'actor_55'),
('movie_509', 'actor_28'),
('movie_509', 'actor_4'),
('movie_51', 'actor_38'),
('movie_51', 'actor_5'),
('movie_512', 'actor_117'),
('movie_512', 'actor_86'),
('movie_524', 'actor_92'),
('movie_526', 'actor_93'),
('movie_527', 'actor_113'),
('movie_527', 'actor_95'),
('movie_528', 'actor_48'),
('movie_529', 'actor_51'),
('movie_53', 'actor_39'),
('movie_533', 'actor_20'),
('movie_533', 'actor_49'),
('movie_534', 'actor_84'),
('movie_535', 'actor_75'),
('movie_535', 'actor_83'),
('movie_539', 'actor_117'),
('movie_539', 'actor_35'),
('movie_539', 'actor_58'),
('movie_54', 'actor_40'),
('movie_54', 'actor_41'),
('movie_540', 'actor_68'),
('movie_543', 'actor_116'),
('movie_548', 'actor_12'),
('movie_548', 'actor_29'),
('movie_548', 'actor_46'),
('movie_55', 'actor_42'),
('movie_550', 'actor_86'),
('movie_554', 'actor_50'),
('movie_555', 'actor_48'),
('movie_556', 'actor_26'),
('movie_557', 'actor_58'),
('movie_558', 'actor_121'),
('movie_561', 'actor_106'),
('movie_562', 'actor_104'),
('movie_562', 'actor_111'),
('movie_562', 'actor_38'),
('movie_562', 'actor_57'),
('movie_563', 'actor_114'),
('movie_564', 'actor_105'),
('movie_564', 'actor_122'),
('movie_564', 'actor_46'),
('movie_564', 'actor_77'),
('movie_564', 'actor_85'),
('movie_564', 'actor_88'),
('movie_565', 'actor_112'),
('movie_565', 'actor_54'),
('movie_566', 'actor_1'),
('movie_566', 'actor_108'),
('movie_566', 'actor_114'),
('movie_566', 'actor_27'),
('movie_570', 'actor_78'),
('movie_573', 'actor_77'),
('movie_576', 'actor_90'),
('movie_577', 'actor_123'),
('movie_578', 'actor_100'),
('movie_578', 'actor_5'),
('movie_578', 'actor_82'),
('movie_579', 'actor_94'),
('movie_580', 'actor_60'),
('movie_582', 'actor_91'),
('movie_583', 'actor_22'),
('movie_586', 'actor_8'),
('movie_588', 'actor_50'),
('movie_589', 'actor_108'),
('movie_589', 'actor_78'),
('movie_592', 'actor_124'),
('movie_592', 'actor_85'),
('movie_593', 'actor_117'),
('movie_594', 'actor_109'),
('movie_594', 'actor_49'),
('movie_597', 'actor_75'),
('movie_599', 'actor_30'),
('movie_600', 'actor_5'),
('movie_601', 'actor_117'),
('movie_601', 'actor_96'),
('movie_607', 'actor_6'),
('movie_608', 'actor_37'),
('movie_610', 'actor_10'),
('movie_612', 'actor_50'),
('movie_614', 'actor_88'),
('movie_615', 'actor_116'),
('movie_615', 'actor_24'),
('movie_615', 'actor_61'),
('movie_616', 'actor_38'),
('movie_616', 'actor_61'),
('movie_619', 'actor_21'),
('movie_62', 'actor_41'),
('movie_621', 'actor_104'),
('movie_621', 'actor_108'),
('movie_621', 'actor_109'),
('movie_621', 'actor_11'),
('movie_621', 'actor_28'),
('movie_621', 'actor_66'),
('movie_622', 'actor_28'),
('movie_622', 'actor_79'),
('movie_623', 'actor_114'),
('movie_623', 'actor_51'),
('movie_624', 'actor_26'),
('movie_625', 'actor_106'),
('movie_626', 'actor_50'),
('movie_627', 'actor_99'),
('movie_628', 'actor_3'),
('movie_628', 'actor_47'),
('movie_628', 'actor_70'),
('movie_629', 'actor_118'),
('movie_629', 'actor_12'),
('movie_632', 'actor_103'),
('movie_632', 'actor_107'),
('movie_633', 'actor_77'),
('movie_634', 'actor_15'),
('movie_634', 'actor_42'),
('movie_635', 'actor_71'),
('movie_637', 'actor_50'),
('movie_638', 'actor_81'),
('movie_639', 'actor_31'),
('movie_640', 'actor_92'),
('movie_643', 'actor_56'),
('movie_644', 'actor_103'),
('movie_646', 'actor_81'),
('movie_648', 'actor_40'),
('movie_649', 'actor_122'),
('movie_65', 'actor_29'),
('movie_65', 'actor_8'),
('movie_653', 'actor_69'),
('movie_653', 'actor_91'),
('movie_658', 'actor_105'),
('movie_66', 'actor_43'),
('movie_66', 'actor_44'),
('movie_663', 'actor_101'),
('movie_663', 'actor_64'),
('movie_665', 'actor_11'),
('movie_665', 'actor_33'),
('movie_67', 'actor_45'),
('movie_670', 'actor_34'),
('movie_670', 'actor_52'),
('movie_670', 'actor_7'),
('movie_671', 'actor_43'),
('movie_671', 'actor_81'),
('movie_674', 'actor_50'),
('movie_675', 'actor_14'),
('movie_675', 'actor_46'),
('movie_676', 'actor_14'),
('movie_677', 'actor_15'),
('movie_678', 'actor_50'),
('movie_678', 'actor_92'),
('movie_679', 'actor_94'),
('movie_684', 'actor_24'),
('movie_684', 'actor_26'),
('movie_684', 'actor_29'),
('movie_686', 'actor_78'),
('movie_687', 'actor_81'),
('movie_688', 'actor_121'),
('movie_692', 'actor_83'),
('movie_693', 'actor_110'),
('movie_698', 'actor_31'),
('movie_698', 'actor_80'),
('movie_699', 'actor_13'),
('movie_699', 'actor_72'),
('movie_701', 'actor_107'),
('movie_702', 'actor_112'),
('movie_702', 'actor_20'),
('movie_702', 'actor_21'),
('movie_703', 'actor_36'),
('movie_703', 'actor_47'),
('movie_704', 'actor_119'),
('movie_706', 'actor_33'),
('movie_706', 'actor_91'),
('movie_709', 'actor_13'),
('movie_71', 'actor_46'),
('movie_71', 'actor_47'),
('movie_711', 'actor_59'),
('movie_711', 'actor_67'),
('movie_712', 'actor_25'),
('movie_712', 'actor_28'),
('movie_712', 'actor_75'),
('movie_713', 'actor_4'),
('movie_713', 'actor_93'),
('movie_715', 'actor_30'),
('movie_716', 'actor_37'),
('movie_718', 'actor_50'),
('movie_719', 'actor_71'),
('movie_720', 'actor_23'),
('movie_720', 'actor_50'),
('movie_721', 'actor_108'),
('movie_721', 'actor_109'),
('movie_722', 'actor_121'),
('movie_723', 'actor_39'),
('movie_723', 'actor_61'),
('movie_724', 'actor_62'),
('movie_729', 'actor_4'),
('movie_729', 'actor_87'),
('movie_733', 'actor_50'),
('movie_733', 'actor_62'),
('movie_735', 'actor_31'),
('movie_735', 'actor_61'),
('movie_735', 'actor_65'),
('movie_736', 'actor_39'),
('movie_736', 'actor_53'),
('movie_737', 'actor_32'),
('movie_744', 'actor_48'),
('movie_747', 'actor_90'),
('movie_75', 'actor_48'),
('movie_751', 'actor_23'),
('movie_751', 'actor_50'),
('movie_759', 'actor_106'),
('movie_759', 'actor_51'),
('movie_761', 'actor_123'),
('movie_762', 'actor_22'),
('movie_762', 'actor_89'),
('movie_763', 'actor_52'),
('movie_763', 'actor_60'),
('movie_763', 'actor_90'),
('movie_764', 'actor_75'),
('movie_771', 'actor_110'),
('movie_771', 'actor_71'),
('movie_772', 'actor_12'),
('movie_772', 'actor_87'),
('movie_774', 'actor_64'),
('movie_775', 'actor_91'),
('movie_777', 'actor_74'),
('movie_779', 'actor_29'),
('movie_779', 'actor_3'),
('movie_78', 'actor_33'),
('movie_78', 'actor_43'),
('movie_78', 'actor_49'),
('movie_781', 'actor_110'),
('movie_781', 'actor_118'),
('movie_781', 'actor_16'),
('movie_782', 'actor_51'),
('movie_783', 'actor_121'),
('movie_785', 'actor_50'),
('movie_791', 'actor_70'),
('movie_792', 'actor_14'),
('movie_794', 'actor_117'),
('movie_794', 'actor_98'),
('movie_796', 'actor_115'),
('movie_796', 'actor_92'),
('movie_801', 'actor_100'),
('movie_801', 'actor_123'),
('movie_801', 'actor_64'),
('movie_802', 'actor_24'),
('movie_802', 'actor_40'),
('movie_804', 'actor_22'),
('movie_804', 'actor_4'),
('movie_805', 'actor_21'),
('movie_806', 'actor_39'),
('movie_808', 'actor_105'),
('movie_809', 'actor_66'),
('movie_809', 'actor_68'),
('movie_810', 'actor_98'),
('movie_812', 'actor_62'),
('movie_812', 'actor_95'),
('movie_814', 'actor_112'),
('movie_816', 'actor_19'),
('movie_816', 'actor_24'),
('movie_816', 'actor_80'),
('movie_816', 'actor_95'),
('movie_817', 'actor_55'),
('movie_818', 'actor_112'),
('movie_818', 'actor_77'),
('movie_82', 'actor_40'),
('movie_820', 'actor_22'),
('movie_820', 'actor_33'),
('movie_826', 'actor_50'),
('movie_829', 'actor_31'),
('movie_829', 'actor_60'),
('movie_83', 'actor_50'),
('movie_830', 'actor_82'),
('movie_835', 'actor_96'),
('movie_836', 'actor_102'),
('movie_836', 'actor_122'),
('movie_837', 'actor_122'),
('movie_837', 'actor_29'),
('movie_837', 'actor_99'),
('movie_847', 'actor_120'),
('movie_849', 'actor_121'),
('movie_85', 'actor_51'),
('movie_85', 'actor_52'),
('movie_851', 'actor_83'),
('movie_857', 'actor_74'),
('movie_857', 'actor_85'),
('movie_858', 'actor_124'),
('movie_861', 'actor_28'),
('movie_866', 'actor_38'),
('movie_867', 'actor_1'),
('movie_867', 'actor_123'),
('movie_867', 'actor_17'),
('movie_867', 'actor_25'),
('movie_867', 'actor_76'),
('movie_87', 'actor_42'),
('movie_873', 'actor_34'),
('movie_874', 'actor_101'),
('movie_874', 'actor_8'),
('movie_876', 'actor_75'),
('movie_880', 'actor_110'),
('movie_880', 'actor_119'),
('movie_883', 'actor_56'),
('movie_885', 'actor_31'),
('movie_886', 'actor_14'),
('movie_889', 'actor_50'),
('movie_89', 'actor_53'),
('movie_892', 'actor_124'),
('movie_892', 'actor_18'),
('movie_892', 'actor_35'),
('movie_893', 'actor_100'),
('movie_896', 'actor_120'),
('movie_896', 'actor_27'),
('movie_897', 'actor_9'),
('movie_899', 'actor_48'),
('movie_9', 'actor_10'),
('movie_9', 'actor_11'),
('movie_9', 'actor_12'),
('movie_9', 'actor_9'),
('movie_90', 'actor_54'),
('movie_90', 'actor_55'),
('movie_901', 'actor_79'),
('movie_902', 'actor_115'),
('movie_903', 'actor_91'),
('movie_904', 'actor_62'),
('movie_907', 'actor_116'),
('movie_907', 'actor_77'),
('movie_91', 'actor_14'),
('movie_910', 'actor_65'),
('movie_911', 'actor_10'),
('movie_911', 'actor_94'),
('movie_912', 'actor_119'),
('movie_912', 'actor_16'),
('movie_913', 'actor_50'),
('movie_914', 'actor_74'),
('movie_918', 'actor_12'),
('movie_918', 'actor_25'),
('movie_918', 'actor_30'),
('movie_919', 'actor_20'),
('movie_919', 'actor_44'),
('movie_92', 'actor_39'),
('movie_920', 'actor_111'),
('movie_921', 'actor_88'),
('movie_922', 'actor_106'),
('movie_923', 'actor_114'),
('movie_924', 'actor_92'),
('movie_927', 'actor_103'),
('movie_928', 'actor_3'),
('movie_928', 'actor_57'),
('movie_928', 'actor_58'),
('movie_929', 'actor_54'),
('movie_936', 'actor_30'),
('movie_936', 'actor_45'),
('movie_942', 'actor_77'),
('movie_943', 'actor_1'),
('movie_944', 'actor_114'),
('movie_944', 'actor_27'),
('movie_945', 'actor_107'),
('movie_945', 'actor_72'),
('movie_948', 'actor_50'),
('movie_95', 'actor_29'),
('movie_95', 'actor_42'),
('movie_951', 'actor_124'),
('movie_952', 'actor_114'),
('movie_952', 'actor_120'),
('movie_952', 'actor_5'),
('movie_952', 'actor_83'),
('movie_954', 'actor_17'),
('movie_956', 'actor_27'),
('movie_958', 'actor_60'),
('movie_961', 'actor_93'),
('movie_971', 'actor_84'),
('movie_972', 'actor_50'),
('movie_976', 'actor_6'),
('movie_977', 'actor_90'),
('movie_980', 'actor_57'),
('movie_986', 'actor_15'),
('movie_986', 'actor_84'),
('movie_988', 'actor_19'),
('movie_99', 'actor_56'),
('movie_991', 'actor_54'),
('movie_991', 'actor_85'),
('movie_993', 'actor_45'),
('movie_993', 'actor_6'),
('movie_994', 'actor_112'),
('movie_999', 'actor_54');

-- --------------------------------------------------------

--
-- Structure de la table `MoviesGenres`
--

CREATE TABLE `MoviesGenres` (
  `id_movie` varchar(255) NOT NULL,
  `id_genre` varchar(255) NOT NULL
) ENGINE=InnoDB DEFAULT CHARSET=utf8mb4 COLLATE=utf8mb4_general_ci;

--
-- Déchargement des données de la table `MoviesGenres`
--

INSERT INTO `MoviesGenres` (`id_movie`, `id_genre`) VALUES
('movie_1', 'genre_1'),
('movie_1', 'genre_2'),
('movie_10', 'genre_9'),
('movie_100', 'genre_19'),
('movie_100', 'genre_5'),
('movie_1000', 'genre_17'),
('movie_1000', 'genre_3'),
('movie_1000', 'genre_5'),
('movie_1001', 'genre_36'),
('movie_1001', 'genre_5'),
('movie_1002', 'genre_2'),
('movie_1002', 'genre_33'),
('movie_1003', 'genre_30'),
('movie_1003', 'genre_6'),
('movie_1005', 'genre_1'),
('movie_1005', 'genre_9'),
('movie_1006', 'genre_33'),
('movie_1007', 'genre_3'),
('movie_1007', 'genre_4'),
('movie_1007', 'genre_9'),
('movie_1008', 'genre_21'),
('movie_1008', 'genre_5'),
('movie_1009', 'genre_21'),
('movie_1009', 'genre_6'),
('movie_101', 'genre_17'),
('movie_101', 'genre_5'),
('movie_1011', 'genre_13'),
('movie_1012', 'genre_18'),
('movie_1012', 'genre_6'),
('movie_1012', 'genre_7'),
('movie_1013', 'genre_10'),
('movie_1013', 'genre_11'),
('movie_1013', 'genre_20'),
('movie_1014', 'genre_5'),
('movie_1015', 'genre_15'),
('movie_1016', 'genre_3'),
('movie_1016', 'genre_37'),
('movie_1018', 'genre_24'),
('movie_1018', 'genre_3'),
('movie_1018', 'genre_9'),
('movie_1019', 'genre_6'),
('movie_102', 'genre_10'),
('movie_102', 'genre_20'),
('movie_1021', 'genre_11'),
('movie_1021', 'genre_3'),
('movie_1022', 'genre_3'),
('movie_1022', 'genre_5'),
('movie_1022', 'genre_8'),
('movie_1023', 'genre_23'),
('movie_1023', 'genre_9'),
('movie_1024', 'genre_23'),
('movie_1024', 'genre_6'),
('movie_1025', 'genre_16'),
('movie_1025', 'genre_4'),
('movie_1025', 'genre_5'),
('movie_1026', 'genre_6'),
('movie_1027', 'genre_3'),
('movie_1027', 'genre_4'),
('movie_1028', 'genre_4'),
('movie_1028', 'genre_6'),
('movie_1029', 'genre_1'),
('movie_103', 'genre_18'),
('movie_103', 'genre_22'),
('movie_103', 'genre_6'),
('movie_1030', 'genre_10'),
('movie_1030', 'genre_20'),
('movie_1031', 'genre_21'),
('movie_1031', 'genre_23'),
('movie_1031', 'genre_6'),
('movie_1032', 'genre_22'),
('movie_1032', 'genre_5'),
('movie_1033', 'genre_5'),
('movie_1033', 'genre_6'),
('movie_1034', 'genre_5'),
('movie_1035', 'genre_23'),
('movie_1036', 'genre_10'),
('movie_1036', 'genre_11'),
('movie_1037', 'genre_3'),
('movie_1038', 'genre_16'),
('movie_104', 'genre_1'),
('movie_1040', 'genre_1'),
('movie_1040', 'genre_2'),
('movie_1040', 'genre_5'),
('movie_1041', 'genre_1'),
('movie_1041', 'genre_2'),
('movie_1042', 'genre_3'),
('movie_1042', 'genre_5'),
('movie_1043', 'genre_21'),
('movie_1043', 'genre_23'),
('movie_1043', 'genre_36'),
('movie_1046', 'genre_1'),
('movie_1046', 'genre_2'),
('movie_1047', 'genre_3'),
('movie_1047', 'genre_9'),
('movie_1048', 'genre_10'),
('movie_1048', 'genre_16'),
('movie_1048', 'genre_3'),
('movie_1048', 'genre_5'),
('movie_1049', 'genre_1'),
('movie_1049', 'genre_5'),
('movie_105', 'genre_5'),
('movie_1050', 'genre_23'),
('movie_1050', 'genre_6'),
('movie_1051', 'genre_5'),
('movie_1052', 'genre_16'),
('movie_1052', 'genre_5'),
('movie_1053', 'genre_10'),
('movie_1053', 'genre_11'),
('movie_1054', 'genre_5'),
('movie_1054', 'genre_6'),
('movie_1055', 'genre_21'),
('movie_1055', 'genre_23'),
('movie_1055', 'genre_6'),
('movie_1056', 'genre_18'),
('movie_1056', 'genre_3'),
('movie_1057', 'genre_13'),
('movie_1058', 'genre_16'),
('movie_1058', 'genre_5'),
('movie_1059', 'genre_16'),
('movie_1059', 'genre_5'),
('movie_1059', 'genre_6'),
('movie_106', 'genre_13'),
('movie_1060', 'genre_3'),
('movie_1060', 'genre_6'),
('movie_1061', 'genre_10'),
('movie_1061', 'genre_4'),
('movie_1062', 'genre_11'),
('movie_1062', 'genre_3'),
('movie_1063', 'genre_6'),
('movie_1064', 'genre_3'),
('movie_1065', 'genre_21'),
('movie_1065', 'genre_5'),
('movie_1066', 'genre_36'),
('movie_1066', 'genre_7'),
('movie_1066', 'genre_9'),
('movie_1067', 'genre_11'),
('movie_1067', 'genre_22'),
('movie_1068', 'genre_5'),
('movie_1069', 'genre_3'),
('movie_1069', 'genre_5'),
('movie_107', 'genre_3'),
('movie_1070', 'genre_3'),
('movie_1070', 'genre_9'),
('movie_1071', 'genre_5'),
('movie_1071', 'genre_6'),
('movie_1072', 'genre_13'),
('movie_1072', 'genre_20'),
('movie_1073', 'genre_1'),
('movie_1073', 'genre_2'),
('movie_1074', 'genre_16'),
('movie_1074', 'genre_6'),
('movie_1075', 'genre_3'),
('movie_1075', 'genre_4'),
('movie_1076', 'genre_5'),
('movie_1077', 'genre_23'),
('movie_1077', 'genre_6'),
('movie_1078', 'genre_13'),
('movie_1079', 'genre_16'),
('movie_1079', 'genre_20'),
('movie_1079', 'genre_5'),
('movie_1079', 'genre_6'),
('movie_108', 'genre_12'),
('movie_1080', 'genre_16'),
('movie_1080', 'genre_4'),
('movie_1080', 'genre_5'),
('movie_1080', 'genre_6'),
('movie_1081', 'genre_3'),
('movie_1081', 'genre_9'),
('movie_1082', 'genre_1'),
('movie_1082', 'genre_5'),
('movie_1083', 'genre_15'),
('movie_1083', 'genre_28'),
('movie_1083', 'genre_5'),
('movie_1084', 'genre_16'),
('movie_1084', 'genre_5'),
('movie_1085', 'genre_10'),
('movie_1085', 'genre_3'),
('movie_1086', 'genre_11'),
('movie_1086', 'genre_20'),
('movie_1086', 'genre_3'),
('movie_1086', 'genre_5'),
('movie_1088', 'genre_1'),
('movie_1088', 'genre_2'),
('movie_1089', 'genre_5'),
('movie_109', 'genre_16'),
('movie_109', 'genre_4'),
('movie_109', 'genre_5'),
('movie_1091', 'genre_17'),
('movie_1091', 'genre_3'),
('movie_1092', 'genre_5'),
('movie_1093', 'genre_23'),
('movie_1094', 'genre_5'),
('movie_1095', 'genre_4'),
('movie_1095', 'genre_5'),
('movie_1095', 'genre_8'),
('movie_1096', 'genre_1'),
('movie_1097', 'genre_1'),
('movie_1097', 'genre_2'),
('movie_1097', 'genre_5'),
('movie_1098', 'genre_1'),
('movie_1099', 'genre_13'),
('movie_1099', 'genre_20'),
('movie_11', 'genre_3'),
('movie_11', 'genre_5'),
('movie_110', 'genre_9'),
('movie_1100', 'genre_4'),
('movie_1101', 'genre_23'),
('movie_1101', 'genre_6'),
('movie_1102', 'genre_15'),
('movie_1102', 'genre_21'),
('movie_1102', 'genre_23'),
('movie_1102', 'genre_6'),
('movie_1103', 'genre_1'),
('movie_1103', 'genre_2'),
('movie_1104', 'genre_17'),
('movie_1104', 'genre_3'),
('movie_1104', 'genre_9'),
('movie_1105', 'genre_13'),
('movie_1106', 'genre_12'),
('movie_1106', 'genre_6'),
('movie_1107', 'genre_5'),
('movie_1108', 'genre_21'),
('movie_1108', 'genre_23'),
('movie_1108', 'genre_6'),
('movie_1109', 'genre_3'),
('movie_1109', 'genre_5'),
('movie_1109', 'genre_9'),
('movie_111', 'genre_3'),
('movie_111', 'genre_9'),
('movie_1110', 'genre_1'),
('movie_1111', 'genre_3'),
('movie_1112', 'genre_1'),
('movie_1112', 'genre_2'),
('movie_1113', 'genre_16'),
('movie_1113', 'genre_5'),
('movie_1114', 'genre_8'),
('movie_1115', 'genre_16'),
('movie_1115', 'genre_21'),
('movie_1115', 'genre_5'),
('movie_1116', 'genre_3'),
('movie_1118', 'genre_21'),
('movie_1118', 'genre_5'),
('movie_1118', 'genre_6'),
('movie_1119', 'genre_10'),
('movie_1119', 'genre_20'),
('movie_1119', 'genre_3'),
('movie_1119', 'genre_5'),
('movie_112', 'genre_16'),
('movie_112', 'genre_5'),
('movie_1120', 'genre_13'),
('movie_1121', 'genre_32'),
('movie_1121', 'genre_6'),
('movie_1121', 'genre_7'),
('movie_1122', 'genre_4'),
('movie_1123', 'genre_1'),
('movie_1123', 'genre_2'),
('movie_1124', 'genre_11'),
('movie_1125', 'genre_6'),
('movie_1126', 'genre_23'),
('movie_1126', 'genre_5'),
('movie_1126', 'genre_6'),
('movie_1128', 'genre_1'),
('movie_1128', 'genre_2'),
('movie_1129', 'genre_1'),
('movie_113', 'genre_1'),
('movie_113', 'genre_2'),
('movie_1130', 'genre_6'),
('movie_1131', 'genre_4'),
('movie_1132', 'genre_13'),
('movie_1133', 'genre_10'),
('movie_1133', 'genre_20'),
('movie_1133', 'genre_5'),
('movie_1134', 'genre_24'),
('movie_1134', 'genre_3'),
('movie_1134', 'genre_9'),
('movie_1135', 'genre_5'),
('movie_1135', 'genre_6'),
('movie_1136', 'genre_3'),
('movie_1136', 'genre_4'),
('movie_1137', 'genre_20'),
('movie_1137', 'genre_22'),
('movie_1137', 'genre_5'),
('movie_1138', 'genre_16'),
('movie_1138', 'genre_5'),
('movie_1139', 'genre_33'),
('movie_114', 'genre_11'),
('movie_114', 'genre_20'),
('movie_114', 'genre_5'),
('movie_1140', 'genre_20'),
('movie_1141', 'genre_18'),
('movie_1141', 'genre_6'),
('movie_1143', 'genre_9'),
('movie_1144', 'genre_6'),
('movie_1145', 'genre_11'),
('movie_1145', 'genre_22'),
('movie_1146', 'genre_13'),
('movie_1147', 'genre_2'),
('movie_1147', 'genre_5'),
('movie_1148', 'genre_4'),
('movie_115', 'genre_15'),
('movie_115', 'genre_16'),
('movie_115', 'genre_5'),
('movie_1150', 'genre_18'),
('movie_1150', 'genre_22'),
('movie_1150', 'genre_6'),
('movie_116', 'genre_1'),
('movie_117', 'genre_1'),
('movie_117', 'genre_4'),
('movie_118', 'genre_22'),
('movie_119', 'genre_6'),
('movie_12', 'genre_1'),
('movie_12', 'genre_2'),
('movie_120', 'genre_6'),
('movie_121', 'genre_9'),
('movie_122', 'genre_5'),
('movie_122', 'genre_6'),
('movie_123', 'genre_3'),
('movie_123', 'genre_9'),
('movie_124', 'genre_6'),
('movie_125', 'genre_3'),
('movie_125', 'genre_4'),
('movie_126', 'genre_10'),
('movie_126', 'genre_20'),
('movie_126', 'genre_27'),
('movie_126', 'genre_5'),
('movie_127', 'genre_11'),
('movie_127', 'genre_14'),
('movie_127', 'genre_5'),
('movie_128', 'genre_1'),
('movie_128', 'genre_9'),
('movie_129', 'genre_26'),
('movie_13', 'genre_12'),
('movie_13', 'genre_6'),
('movie_130', 'genre_11'),
('movie_130', 'genre_14'),
('movie_130', 'genre_6'),
('movie_131', 'genre_3'),
('movie_131', 'genre_9'),
('movie_132', 'genre_23'),
('movie_132', 'genre_6'),
('movie_133', 'genre_3'),
('movie_134', 'genre_16'),
('movie_134', 'genre_6'),
('movie_135', 'genre_3'),
('movie_135', 'genre_9'),
('movie_136', 'genre_16'),
('movie_136', 'genre_6'),
('movie_137', 'genre_3'),
('movie_137', 'genre_4'),
('movie_137', 'genre_9'),
('movie_138', 'genre_4'),
('movie_138', 'genre_5'),
('movie_139', 'genre_1'),
('movie_139', 'genre_13'),
('movie_14', 'genre_6'),
('movie_14', 'genre_9'),
('movie_140', 'genre_5'),
('movie_140', 'genre_6'),
('movie_141', 'genre_9'),
('movie_142', 'genre_20'),
('movie_143', 'genre_6'),
('movie_144', 'genre_3'),
('movie_144', 'genre_9'),
('movie_145', 'genre_9'),
('movie_146', 'genre_6'),
('movie_147', 'genre_16'),
('movie_147', 'genre_5'),
('movie_148', 'genre_11'),
('movie_148', 'genre_3'),
('movie_148', 'genre_6'),
('movie_149', 'genre_23'),
('movie_149', 'genre_6'),
('movie_15', 'genre_3'),
('movie_15', 'genre_9'),
('movie_150', 'genre_1'),
('movie_150', 'genre_9'),
('movie_151', 'genre_5'),
('movie_152', 'genre_1'),
('movie_152', 'genre_5'),
('movie_153', 'genre_5'),
('movie_153', 'genre_6'),
('movie_154', 'genre_6'),
('movie_154', 'genre_7'),
('movie_154', 'genre_9'),
('movie_155', 'genre_16'),
('movie_155', 'genre_5'),
('movie_156', 'genre_16'),
('movie_156', 'genre_6'),
('movie_157', 'genre_9'),
('movie_158', 'genre_17'),
('movie_158', 'genre_3'),
('movie_158', 'genre_5'),
('movie_159', 'genre_6'),
('movie_159', 'genre_9'),
('movie_16', 'genre_1'),
('movie_16', 'genre_11'),
('movie_160', 'genre_9'),
('movie_161', 'genre_16'),
('movie_161', 'genre_6'),
('movie_162', 'genre_6'),
('movie_163', 'genre_28'),
('movie_163', 'genre_6'),
('movie_163', 'genre_9'),
('movie_164', 'genre_22'),
('movie_165', 'genre_8'),
('movie_166', 'genre_18'),
('movie_166', 'genre_29'),
('movie_166', 'genre_6'),
('movie_167', 'genre_3'),
('movie_167', 'genre_9'),
('movie_168', 'genre_5'),
('movie_168', 'genre_6'),
('movie_168', 'genre_7'),
('movie_169', 'genre_5'),
('movie_169', 'genre_6'),
('movie_17', 'genre_6'),
('movie_170', 'genre_11'),
('movie_170', 'genre_13'),
('movie_170', 'genre_3'),
('movie_171', 'genre_5'),
('movie_171', 'genre_6'),
('movie_172', 'genre_30'),
('movie_172', 'genre_9'),
('movie_173', 'genre_6'),
('movie_174', 'genre_23'),
('movie_174', 'genre_6'),
('movie_175', 'genre_5'),
('movie_175', 'genre_6'),
('movie_176', 'genre_1'),
('movie_176', 'genre_16'),
('movie_176', 'genre_5'),
('movie_177', 'genre_1'),
('movie_177', 'genre_5'),
('movie_178', 'genre_1'),
('movie_178', 'genre_4'),
('movie_179', 'genre_1'),
('movie_18', 'genre_13'),
('movie_180', 'genre_1'),
('movie_181', 'genre_28'),
('movie_181', 'genre_5'),
('movie_182', 'genre_1'),
('movie_183', 'genre_1'),
('movie_183', 'genre_4'),
('movie_184', 'genre_1'),
('movie_184', 'genre_5'),
('movie_184', 'genre_8'),
('movie_185', 'genre_1'),
('movie_186', 'genre_6'),
('movie_187', 'genre_14'),
('movie_187', 'genre_5'),
('movie_188', 'genre_16'),
('movie_188', 'genre_5'),
('movie_189', 'genre_22'),
('movie_189', 'genre_6'),
('movie_19', 'genre_1'),
('movie_190', 'genre_5'),
('movie_190', 'genre_6'),
('movie_191', 'genre_1'),
('movie_191', 'genre_2'),
('movie_192', 'genre_1'),
('movie_192', 'genre_2'),
('movie_193', 'genre_11'),
('movie_193', 'genre_5'),
('movie_194', 'genre_10'),
('movie_195', 'genre_3'),
('movie_195', 'genre_9'),
('movie_196', 'genre_15'),
('movie_196', 'genre_16'),
('movie_196', 'genre_22'),
('movie_196', 'genre_23'),
('movie_196', 'genre_6'),
('movie_197', 'genre_5'),
('movie_198', 'genre_5'),
('movie_198', 'genre_6'),
('movie_198', 'genre_8'),
('movie_199', 'genre_1'),
('movie_2', 'genre_1'),
('movie_2', 'genre_3'),
('movie_2', 'genre_4'),
('movie_20', 'genre_10'),
('movie_20', 'genre_11'),
('movie_20', 'genre_14'),
('movie_20', 'genre_5'),
('movie_20', 'genre_6'),
('movie_200', 'genre_16'),
('movie_200', 'genre_6'),
('movie_201', 'genre_5'),
('movie_202', 'genre_1'),
('movie_203', 'genre_2'),
('movie_203', 'genre_5'),
('movie_204', 'genre_11'),
('movie_204', 'genre_20'),
('movie_204', 'genre_22'),
('movie_205', 'genre_31'),
('movie_205', 'genre_5'),
('movie_206', 'genre_16'),
('movie_206', 'genre_6'),
('movie_207', 'genre_1'),
('movie_207', 'genre_2'),
('movie_208', 'genre_1'),
('movie_208', 'genre_4'),
('movie_209', 'genre_1'),
('movie_209', 'genre_5'),
('movie_21', 'genre_6'),
('movie_210', 'genre_5'),
('movie_210', 'genre_6'),
('movie_211', 'genre_1'),
('movie_211', 'genre_2'),
('movie_212', 'genre_16'),
('movie_212', 'genre_5'),
('movie_213', 'genre_1'),
('movie_213', 'genre_30'),
('movie_213', 'genre_9'),
('movie_214', 'genre_1'),
('movie_214', 'genre_9'),
('movie_215', 'genre_1'),
('movie_215', 'genre_2'),
('movie_215', 'genre_9'),
('movie_216', 'genre_6'),
('movie_217', 'genre_32'),
('movie_218', 'genre_7'),
('movie_218', 'genre_9'),
('movie_219', 'genre_1'),
('movie_219', 'genre_2'),
('movie_22', 'genre_15'),
('movie_22', 'genre_16'),
('movie_22', 'genre_5'),
('movie_220', 'genre_12'),
('movie_220', 'genre_6'),
('movie_221', 'genre_23'),
('movie_221', 'genre_6'),
('movie_222', 'genre_33'),
('movie_222', 'genre_5'),
('movie_223', 'genre_11'),
('movie_223', 'genre_22'),
('movie_224', 'genre_18'),
('movie_224', 'genre_9'),
('movie_225', 'genre_3'),
('movie_225', 'genre_5'),
('movie_226', 'genre_6'),
('movie_227', 'genre_5'),
('movie_227', 'genre_6'),
('movie_228', 'genre_3'),
('movie_228', 'genre_5'),
('movie_229', 'genre_16'),
('movie_229', 'genre_5'),
('movie_23', 'genre_10'),
('movie_23', 'genre_3'),
('movie_23', 'genre_5'),
('movie_230', 'genre_1'),
('movie_230', 'genre_9'),
('movie_231', 'genre_6'),
('movie_232', 'genre_6'),
('movie_233', 'genre_34'),
('movie_233', 'genre_4'),
('movie_234', 'genre_5'),
('movie_235', 'genre_10'),
('movie_235', 'genre_20'),
('movie_235', 'genre_5'),
('movie_236', 'genre_16'),
('movie_236', 'genre_5'),
('movie_236', 'genre_6'),
('movie_237', 'genre_6'),
('movie_238', 'genre_5'),
('movie_239', 'genre_5'),
('movie_239', 'genre_6'),
('movie_24', 'genre_1'),
('movie_24', 'genre_2'),
('movie_240', 'genre_26'),
('movie_240', 'genre_35'),
('movie_241', 'genre_16'),
('movie_241', 'genre_3'),
('movie_241', 'genre_5'),
('movie_242', 'genre_16'),
('movie_242', 'genre_6'),
('movie_243', 'genre_10'),
('movie_243', 'genre_14'),
('movie_243', 'genre_6'),
('movie_244', 'genre_22'),
('movie_244', 'genre_5'),
('movie_245', 'genre_16'),
('movie_245', 'genre_6'),
('movie_246', 'genre_11'),
('movie_246', 'genre_5'),
('movie_246', 'genre_6'),
('movie_247', 'genre_5'),
('movie_248', 'genre_9'),
('movie_249', 'genre_5'),
('movie_249', 'genre_6'),
('movie_249', 'genre_9'),
('movie_25', 'genre_16'),
('movie_25', 'genre_6'),
('movie_250', 'genre_5'),
('movie_250', 'genre_6'),
('movie_251', 'genre_4'),
('movie_252', 'genre_4'),
('movie_252', 'genre_9'),
('movie_253', 'genre_16'),
('movie_253', 'genre_5'),
('movie_253', 'genre_6'),
('movie_254', 'genre_14'),
('movie_254', 'genre_21'),
('movie_254', 'genre_23'),
('movie_254', 'genre_6'),
('movie_255', 'genre_6'),
('movie_256', 'genre_24'),
('movie_256', 'genre_7'),
('movie_257', 'genre_16'),
('movie_257', 'genre_5'),
('movie_258', 'genre_13'),
('movie_258', 'genre_36'),
('movie_258', 'genre_8'),
('movie_258', 'genre_9'),
('movie_259', 'genre_6'),
('movie_26', 'genre_5'),
('movie_26', 'genre_6'),
('movie_261', 'genre_37'),
('movie_261', 'genre_9'),
('movie_262', 'genre_9'),
('movie_263', 'genre_3'),
('movie_263', 'genre_4'),
('movie_264', 'genre_1'),
('movie_264', 'genre_9'),
('movie_265', 'genre_1'),
('movie_265', 'genre_3'),
('movie_265', 'genre_4'),
('movie_266', 'genre_35'),
('movie_267', 'genre_16'),
('movie_267', 'genre_6'),
('movie_268', 'genre_13'),
('movie_269', 'genre_20'),
('movie_269', 'genre_5'),
('movie_269', 'genre_6'),
('movie_27', 'genre_17'),
('movie_27', 'genre_3'),
('movie_27', 'genre_5'),
('movie_270', 'genre_13'),
('movie_271', 'genre_32'),
('movie_272', 'genre_12'),
('movie_272', 'genre_6'),
('movie_273', 'genre_9'),
('movie_274', 'genre_6'),
('movie_275', 'genre_1'),
('movie_275', 'genre_3'),
('movie_276', 'genre_6'),
('movie_277', 'genre_16'),
('movie_277', 'genre_3'),
('movie_277', 'genre_5'),
('movie_278', 'genre_6'),
('movie_279', 'genre_3'),
('movie_279', 'genre_4'),
('movie_28', 'genre_6'),
('movie_280', 'genre_3'),
('movie_280', 'genre_6'),
('movie_281', 'genre_16'),
('movie_281', 'genre_5'),
('movie_281', 'genre_6'),
('movie_282', 'genre_6'),
('movie_283', 'genre_9'),
('movie_284', 'genre_23'),
('movie_284', 'genre_6'),
('movie_285', 'genre_32'),
('movie_286', 'genre_34'),
('movie_286', 'genre_6'),
('movie_287', 'genre_1'),
('movie_288', 'genre_6'),
('movie_289', 'genre_24'),
('movie_289', 'genre_7'),
('movie_289', 'genre_9'),
('movie_29', 'genre_10'),
('movie_290', 'genre_10'),
('movie_290', 'genre_14'),
('movie_291', 'genre_6'),
('movie_292', 'genre_16'),
('movie_292', 'genre_6'),
('movie_293', 'genre_6'),
('movie_294', 'genre_6'),
('movie_295', 'genre_6'),
('movie_296', 'genre_16'),
('movie_296', 'genre_4'),
('movie_296', 'genre_6'),
('movie_297', 'genre_18'),
('movie_297', 'genre_23'),
('movie_297', 'genre_6'),
('movie_298', 'genre_28'),
('movie_298', 'genre_6'),
('movie_299', 'genre_22'),
('movie_299', 'genre_6'),
('movie_3', 'genre_5'),
('movie_30', 'genre_16'),
('movie_30', 'genre_18'),
('movie_30', 'genre_5'),
('movie_300', 'genre_23'),
('movie_300', 'genre_6'),
('movie_300', 'genre_7'),
('movie_301', 'genre_29'),
('movie_301', 'genre_6'),
('movie_302', 'genre_5'),
('movie_303', 'genre_5'),
('movie_304', 'genre_6'),
('movie_305', 'genre_15'),
('movie_305', 'genre_16'),
('movie_305', 'genre_5'),
('movie_306', 'genre_6'),
('movie_307', 'genre_5'),
('movie_307', 'genre_6'),
('movie_308', 'genre_6'),
('movie_309', 'genre_1'),
('movie_309', 'genre_3'),
('movie_309', 'genre_5'),
('movie_31', 'genre_19'),
('movie_31', 'genre_9'),
('movie_310', 'genre_16'),
('movie_310', 'genre_4'),
('movie_310', 'genre_5'),
('movie_311', 'genre_9'),
('movie_312', 'genre_5'),
('movie_312', 'genre_9'),
('movie_313', 'genre_13'),
('movie_313', 'genre_5'),
('movie_313', 'genre_6'),
('movie_314', 'genre_7'),
('movie_314', 'genre_9'),
('movie_315', 'genre_20'),
('movie_315', 'genre_27'),
('movie_315', 'genre_5'),
('movie_316', 'genre_23'),
('movie_316', 'genre_6'),
('movie_317', 'genre_6'),
('movie_317', 'genre_7'),
('movie_318', 'genre_7'),
('movie_318', 'genre_9'),
('movie_319', 'genre_26'),
('movie_32', 'genre_1'),
('movie_32', 'genre_2'),
('movie_320', 'genre_1'),
('movie_320', 'genre_2'),
('movie_321', 'genre_5'),
('movie_321', 'genre_6'),
('movie_322', 'genre_16'),
('movie_322', 'genre_5'),
('movie_323', 'genre_10'),
('movie_323', 'genre_20'),
('movie_323', 'genre_27'),
('movie_323', 'genre_5'),
('movie_324', 'genre_10'),
('movie_324', 'genre_11'),
('movie_324', 'genre_20'),
('movie_324', 'genre_3'),
('movie_325', 'genre_3'),
('movie_325', 'genre_4'),
('movie_325', 'genre_9'),
('movie_326', 'genre_3'),
('movie_326', 'genre_4'),
('movie_327', 'genre_21'),
('movie_327', 'genre_6'),
('movie_328', 'genre_14'),
('movie_328', 'genre_5'),
('movie_329', 'genre_16'),
('movie_329', 'genre_5'),
('movie_329', 'genre_6'),
('movie_33', 'genre_6'),
('movie_33', 'genre_7'),
('movie_330', 'genre_3'),
('movie_330', 'genre_4'),
('movie_331', 'genre_16'),
('movie_331', 'genre_28'),
('movie_331', 'genre_6'),
('movie_332', 'genre_13'),
('movie_333', 'genre_17'),
('movie_333', 'genre_18'),
('movie_334', 'genre_7'),
('movie_334', 'genre_9'),
('movie_335', 'genre_5'),
('movie_335', 'genre_9'),
('movie_336', 'genre_3'),
('movie_336', 'genre_9'),
('movie_337', 'genre_5'),
('movie_338', 'genre_1'),
('movie_339', 'genre_16'),
('movie_339', 'genre_5'),
('movie_339', 'genre_6'),
('movie_34', 'genre_5'),
('movie_341', 'genre_6'),
('movie_342', 'genre_1'),
('movie_342', 'genre_2'),
('movie_343', 'genre_9'),
('movie_344', 'genre_5'),
('movie_345', 'genre_6'),
('movie_346', 'genre_1'),
('movie_347', 'genre_1'),
('movie_348', 'genre_4'),
('movie_349', 'genre_13'),
('movie_349', 'genre_5'),
('movie_35', 'genre_1'),
('movie_35', 'genre_4'),
('movie_350', 'genre_10'),
('movie_350', 'genre_20'),
('movie_350', 'genre_22'),
('movie_351', 'genre_6'),
('movie_352', 'genre_1'),
('movie_352', 'genre_4'),
('movie_353', 'genre_4'),
('movie_353', 'genre_6'),
('movie_353', 'genre_9'),
('movie_354', 'genre_11'),
('movie_354', 'genre_34'),
('movie_355', 'genre_20'),
('movie_355', 'genre_4'),
('movie_355', 'genre_5'),
('movie_356', 'genre_3'),
('movie_356', 'genre_9'),
('movie_357', 'genre_5'),
('movie_358', 'genre_5'),
('movie_359', 'genre_1'),
('movie_359', 'genre_4'),
('movie_36', 'genre_15'),
('movie_36', 'genre_16'),
('movie_36', 'genre_6'),
('movie_360', 'genre_1'),
('movie_361', 'genre_3'),
('movie_361', 'genre_9'),
('movie_362', 'genre_24'),
('movie_362', 'genre_7'),
('movie_362', 'genre_9'),
('movie_363', 'genre_6'),
('movie_364', 'genre_1'),
('movie_364', 'genre_2'),
('movie_365', 'genre_1'),
('movie_366', 'genre_3'),
('movie_366', 'genre_9'),
('movie_367', 'genre_29'),
('movie_367', 'genre_6'),
('movie_368', 'genre_3'),
('movie_368', 'genre_34'),
('movie_368', 'genre_5'),
('movie_369', 'genre_5'),
('movie_369', 'genre_6'),
('movie_37', 'genre_11'),
('movie_37', 'genre_6'),
('movie_370', 'genre_6'),
('movie_371', 'genre_5'),
('movie_371', 'genre_6'),
('movie_372', 'genre_7'),
('movie_372', 'genre_9'),
('movie_373', 'genre_5'),
('movie_374', 'genre_1'),
('movie_374', 'genre_5'),
('movie_375', 'genre_4'),
('movie_375', 'genre_9'),
('movie_376', 'genre_1'),
('movie_376', 'genre_3'),
('movie_377', 'genre_3'),
('movie_377', 'genre_9'),
('movie_378', 'genre_9'),
('movie_379', 'genre_1'),
('movie_38', 'genre_3'),
('movie_38', 'genre_5'),
('movie_380', 'genre_6'),
('movie_380', 'genre_7'),
('movie_381', 'genre_16'),
('movie_381', 'genre_28'),
('movie_381', 'genre_5'),
('movie_382', 'genre_6'),
('movie_383', 'genre_1'),
('movie_384', 'genre_21'),
('movie_384', 'genre_5'),
('movie_384', 'genre_6'),
('movie_385', 'genre_25'),
('movie_385', 'genre_6'),
('movie_386', 'genre_1'),
('movie_387', 'genre_5'),
('movie_387', 'genre_7'),
('movie_388', 'genre_5'),
('movie_39', 'genre_10'),
('movie_39', 'genre_11'),
('movie_39', 'genre_20'),
('movie_390', 'genre_10'),
('movie_390', 'genre_20'),
('movie_391', 'genre_1'),
('movie_391', 'genre_2'),
('movie_392', 'genre_6'),
('movie_393', 'genre_8'),
('movie_393', 'genre_9'),
('movie_394', 'genre_21'),
('movie_394', 'genre_6'),
('movie_396', 'genre_4'),
('movie_396', 'genre_9'),
('movie_397', 'genre_3'),
('movie_397', 'genre_4'),
('movie_398', 'genre_10'),
('movie_398', 'genre_5'),
('movie_399', 'genre_22'),
('movie_399', 'genre_6'),
('movie_4', 'genre_6'),
('movie_40', 'genre_21'),
('movie_40', 'genre_6'),
('movie_400', 'genre_11'),
('movie_400', 'genre_20'),
('movie_400', 'genre_5'),
('movie_401', 'genre_3'),
('movie_402', 'genre_21'),
('movie_403', 'genre_1'),
('movie_403', 'genre_31'),
('movie_403', 'genre_5'),
('movie_404', 'genre_16'),
('movie_404', 'genre_5'),
('movie_406', 'genre_3'),
('movie_406', 'genre_5'),
('movie_407', 'genre_11'),
('movie_407', 'genre_20'),
('movie_408', 'genre_5'),
('movie_408', 'genre_6'),
('movie_409', 'genre_7'),
('movie_409', 'genre_9'),
('movie_41', 'genre_3'),
('movie_41', 'genre_5'),
('movie_410', 'genre_26'),
('movie_411', 'genre_26'),
('movie_414', 'genre_5'),
('movie_415', 'genre_26'),
('movie_416', 'genre_16'),
('movie_416', 'genre_5'),
('movie_417', 'genre_3'),
('movie_418', 'genre_3'),
('movie_418', 'genre_9'),
('movie_419', 'genre_1'),
('movie_419', 'genre_5'),
('movie_419', 'genre_8'),
('movie_42', 'genre_18'),
('movie_42', 'genre_6'),
('movie_420', 'genre_1'),
('movie_421', 'genre_23'),
('movie_421', 'genre_6'),
('movie_421', 'genre_7'),
('movie_422', 'genre_6'),
('movie_423', 'genre_26'),
('movie_424', 'genre_26'),
('movie_426', 'genre_5'),
('movie_427', 'genre_5'),
('movie_427', 'genre_7'),
('movie_428', 'genre_18'),
('movie_428', 'genre_24'),
('movie_428', 'genre_7'),
('movie_428', 'genre_9'),
('movie_429', 'genre_12'),
('movie_429', 'genre_3'),
('movie_429', 'genre_4'),
('movie_43', 'genre_7'),
('movie_43', 'genre_9'),
('movie_430', 'genre_20'),
('movie_430', 'genre_5'),
('movie_431', 'genre_1'),
('movie_431', 'genre_3'),
('movie_432', 'genre_2'),
('movie_432', 'genre_33'),
('movie_433', 'genre_26'),
('movie_433', 'genre_36'),
('movie_434', 'genre_9'),
('movie_435', 'genre_1'),
('movie_435', 'genre_14'),
('movie_435', 'genre_4'),
('movie_436', 'genre_13'),
('movie_437', 'genre_15'),
('movie_437', 'genre_2'),
('movie_437', 'genre_33'),
('movie_438', 'genre_5'),
('movie_438', 'genre_6'),
('movie_439', 'genre_3'),
('movie_439', 'genre_9'),
('movie_44', 'genre_9'),
('movie_440', 'genre_20'),
('movie_440', 'genre_21'),
('movie_440', 'genre_27'),
('movie_440', 'genre_5'),
('movie_441', 'genre_1'),
('movie_442', 'genre_1'),
('movie_442', 'genre_2'),
('movie_443', 'genre_16'),
('movie_443', 'genre_7'),
('movie_443', 'genre_9'),
('movie_444', 'genre_6'),
('movie_445', 'genre_3'),
('movie_445', 'genre_9'),
('movie_446', 'genre_26'),
('movie_447', 'genre_5'),
('movie_447', 'genre_6'),
('movie_448', 'genre_11'),
('movie_448', 'genre_20'),
('movie_449', 'genre_13'),
('movie_45', 'genre_6'),
('movie_450', 'genre_1'),
('movie_450', 'genre_9'),
('movie_451', 'genre_23'),
('movie_451', 'genre_6'),
('movie_452', 'genre_3'),
('movie_452', 'genre_5'),
('movie_453', 'genre_7'),
('movie_453', 'genre_9'),
('movie_454', 'genre_6'),
('movie_455', 'genre_26'),
('movie_456', 'genre_26'),
('movie_457', 'genre_10'),
('movie_457', 'genre_11'),
('movie_458', 'genre_20'),
('movie_458', 'genre_22'),
('movie_458', 'genre_5'),
('movie_459', 'genre_6'),
('movie_459', 'genre_7'),
('movie_46', 'genre_13'),
('movie_460', 'genre_11'),
('movie_461', 'genre_11'),
('movie_461', 'genre_6'),
('movie_462', 'genre_5'),
('movie_463', 'genre_6'),
('movie_464', 'genre_6'),
('movie_465', 'genre_26'),
('movie_466', 'genre_13'),
('movie_467', 'genre_5'),
('movie_467', 'genre_7'),
('movie_467', 'genre_9'),
('movie_468', 'genre_9'),
('movie_47', 'genre_1'),
('movie_47', 'genre_9'),
('movie_470', 'genre_6'),
('movie_472', 'genre_15'),
('movie_472', 'genre_16'),
('movie_472', 'genre_5'),
('movie_473', 'genre_26'),
('movie_474', 'genre_3'),
('movie_474', 'genre_5'),
('movie_475', 'genre_22'),
('movie_475', 'genre_23'),
('movie_475', 'genre_6'),
('movie_476', 'genre_3'),
('movie_476', 'genre_9'),
('movie_477', 'genre_1'),
('movie_477', 'genre_9'),
('movie_478', 'genre_5'),
('movie_478', 'genre_6'),
('movie_479', 'genre_26'),
('movie_48', 'genre_16'),
('movie_48', 'genre_6'),
('movie_480', 'genre_10'),
('movie_480', 'genre_20'),
('movie_480', 'genre_3'),
('movie_480', 'genre_5'),
('movie_481', 'genre_24'),
('movie_481', 'genre_4'),
('movie_481', 'genre_9'),
('movie_482', 'genre_3'),
('movie_482', 'genre_9'),
('movie_483', 'genre_3'),
('movie_483', 'genre_9'),
('movie_484', 'genre_20'),
('movie_484', 'genre_22'),
('movie_484', 'genre_5'),
('movie_485', 'genre_1'),
('movie_485', 'genre_2'),
('movie_486', 'genre_6'),
('movie_487', 'genre_20'),
('movie_487', 'genre_28'),
('movie_487', 'genre_6'),
('movie_488', 'genre_5'),
('movie_488', 'genre_9'),
('movie_489', 'genre_1'),
('movie_489', 'genre_4'),
('movie_49', 'genre_6'),
('movie_49', 'genre_8'),
('movie_491', 'genre_11'),
('movie_491', 'genre_20'),
('movie_491', 'genre_28'),
('movie_492', 'genre_16'),
('movie_492', 'genre_6'),
('movie_493', 'genre_2'),
('movie_493', 'genre_33'),
('movie_494', 'genre_5'),
('movie_495', 'genre_15'),
('movie_495', 'genre_16'),
('movie_495', 'genre_5'),
('movie_496', 'genre_7'),
('movie_496', 'genre_8'),
('movie_497', 'genre_6'),
('movie_497', 'genre_8'),
('movie_497', 'genre_9'),
('movie_498', 'genre_2'),
('movie_498', 'genre_5'),
('movie_499', 'genre_13'),
('movie_5', 'genre_6'),
('movie_5', 'genre_7'),
('movie_50', 'genre_16'),
('movie_50', 'genre_22'),
('movie_500', 'genre_16'),
('movie_500', 'genre_22'),
('movie_501', 'genre_23'),
('movie_502', 'genre_7'),
('movie_502', 'genre_9'),
('movie_503', 'genre_9'),
('movie_504', 'genre_1'),
('movie_505', 'genre_3'),
('movie_505', 'genre_9'),
('movie_506', 'genre_22'),
('movie_506', 'genre_23'),
('movie_506', 'genre_5'),
('movie_506', 'genre_6'),
('movie_507', 'genre_1'),
('movie_508', 'genre_5'),
('movie_509', 'genre_6'),
('movie_509', 'genre_7'),
('movie_51', 'genre_6'),
('movie_510', 'genre_22'),
('movie_511', 'genre_28'),
('movie_511', 'genre_9'),
('movie_512', 'genre_5'),
('movie_512', 'genre_6'),
('movie_513', 'genre_6'),
('movie_514', 'genre_26'),
('movie_516', 'genre_5'),
('movie_517', 'genre_1'),
('movie_519', 'genre_8'),
('movie_519', 'genre_9'),
('movie_52', 'genre_6'),
('movie_520', 'genre_11'),
('movie_521', 'genre_11'),
('movie_521', 'genre_5'),
('movie_521', 'genre_6'),
('movie_522', 'genre_23'),
('movie_522', 'genre_6'),
('movie_523', 'genre_32'),
('movie_523', 'genre_6'),
('movie_524', 'genre_3'),
('movie_524', 'genre_9'),
('movie_525', 'genre_6'),
('movie_526', 'genre_1'),
('movie_526', 'genre_32'),
('movie_527', 'genre_5'),
('movie_527', 'genre_6'),
('movie_528', 'genre_5'),
('movie_529', 'genre_31'),
('movie_529', 'genre_5'),
('movie_529', 'genre_9'),
('movie_53', 'genre_5'),
('movie_530', 'genre_26'),
('movie_531', 'genre_6'),
('movie_531', 'genre_9'),
('movie_532', 'genre_9'),
('movie_533', 'genre_11'),
('movie_533', 'genre_20'),
('movie_533', 'genre_5'),
('movie_534', 'genre_22'),
('movie_535', 'genre_7'),
('movie_535', 'genre_9'),
('movie_536', 'genre_25'),
('movie_536', 'genre_6'),
('movie_537', 'genre_16'),
('movie_537', 'genre_6'),
('movie_538', 'genre_13'),
('movie_539', 'genre_6'),
('movie_539', 'genre_7'),
('movie_54', 'genre_6'),
('movie_540', 'genre_2'),
('movie_540', 'genre_20'),
('movie_540', 'genre_5'),
('movie_541', 'genre_1'),
('movie_541', 'genre_5'),
('movie_542', 'genre_1'),
('movie_543', 'genre_3'),
('movie_543', 'genre_32'),
('movie_543', 'genre_6'),
('movie_544', 'genre_26'),
('movie_545', 'genre_3'),
('movie_545', 'genre_6'),
('movie_546', 'genre_6'),
('movie_547', 'genre_33'),
('movie_548', 'genre_17'),
('movie_549', 'genre_6'),
('movie_55', 'genre_23'),
('movie_55', 'genre_6'),
('movie_550', 'genre_7'),
('movie_551', 'genre_1'),
('movie_551', 'genre_2'),
('movie_552', 'genre_1'),
('movie_553', 'genre_26'),
('movie_553', 'genre_35'),
('movie_554', 'genre_3'),
('movie_554', 'genre_9'),
('movie_555', 'genre_33'),
('movie_556', 'genre_18'),
('movie_556', 'genre_3'),
('movie_556', 'genre_6'),
('movie_557', 'genre_16'),
('movie_557', 'genre_4'),
('movie_558', 'genre_16'),
('movie_558', 'genre_6'),
('movie_559', 'genre_26'),
('movie_56', 'genre_6'),
('movie_560', 'genre_26'),
('movie_561', 'genre_9'),
('movie_562', 'genre_4'),
('movie_563', 'genre_20'),
('movie_563', 'genre_4'),
('movie_563', 'genre_5'),
('movie_564', 'genre_5'),
('movie_564', 'genre_6'),
('movie_565', 'genre_32'),
('movie_566', 'genre_23'),
('movie_566', 'genre_5'),
('movie_566', 'genre_6'),
('movie_567', 'genre_4'),
('movie_567', 'genre_9'),
('movie_568', 'genre_18'),
('movie_568', 'genre_6'),
('movie_569', 'genre_9'),
('movie_57', 'genre_4'),
('movie_570', 'genre_1'),
('movie_570', 'genre_2'),
('movie_571', 'genre_3'),
('movie_571', 'genre_5'),
('movie_572', 'genre_6'),
('movie_573', 'genre_6'),
('movie_574', 'genre_1'),
('movie_574', 'genre_2'),
('movie_574', 'genre_38'),
('movie_575', 'genre_1'),
('movie_575', 'genre_11'),
('movie_575', 'genre_20'),
('movie_575', 'genre_28'),
('movie_576', 'genre_6'),
('movie_577', 'genre_6'),
('movie_578', 'genre_13'),
('movie_579', 'genre_3'),
('movie_579', 'genre_5'),
('movie_58', 'genre_3'),
('movie_58', 'genre_5'),
('movie_581', 'genre_18'),
('movie_581', 'genre_6'),
('movie_582', 'genre_3'),
('movie_582', 'genre_9'),
('movie_583', 'genre_16'),
('movie_583', 'genre_5'),
('movie_584', 'genre_5'),
('movie_584', 'genre_9'),
('movie_585', 'genre_11'),
('movie_585', 'genre_14'),
('movie_585', 'genre_20'),
('movie_585', 'genre_3'),
('movie_585', 'genre_5'),
('movie_586', 'genre_22'),
('movie_586', 'genre_23'),
('movie_587', 'genre_5'),
('movie_588', 'genre_12'),
('movie_588', 'genre_3'),
('movie_588', 'genre_4'),
('movie_589', 'genre_32'),
('movie_589', 'genre_6'),
('movie_59', 'genre_20'),
('movie_59', 'genre_22'),
('movie_59', 'genre_5'),
('movie_590', 'genre_21'),
('movie_590', 'genre_6'),
('movie_591', 'genre_16'),
('movie_591', 'genre_5'),
('movie_592', 'genre_2'),
('movie_592', 'genre_5'),
('movie_593', 'genre_21'),
('movie_593', 'genre_23'),
('movie_593', 'genre_6'),
('movie_594', 'genre_20'),
('movie_594', 'genre_4'),
('movie_594', 'genre_5'),
('movie_595', 'genre_6'),
('movie_596', 'genre_1'),
('movie_596', 'genre_5'),
('movie_597', 'genre_9'),
('movie_598', 'genre_36'),
('movie_599', 'genre_11'),
('movie_599', 'genre_20'),
('movie_599', 'genre_22'),
('movie_599', 'genre_5'),
('movie_6', 'genre_8'),
('movie_6', 'genre_9'),
('movie_60', 'genre_16'),
('movie_60', 'genre_5'),
('movie_600', 'genre_23'),
('movie_600', 'genre_6'),
('movie_600', 'genre_7'),
('movie_601', 'genre_6'),
('movie_602', 'genre_1'),
('movie_602', 'genre_3'),
('movie_603', 'genre_5'),
('movie_604', 'genre_6'),
('movie_605', 'genre_20'),
('movie_605', 'genre_28'),
('movie_605', 'genre_5'),
('movie_606', 'genre_5'),
('movie_606', 'genre_6'),
('movie_607', 'genre_16'),
('movie_607', 'genre_5'),
('movie_608', 'genre_10'),
('movie_608', 'genre_20'),
('movie_608', 'genre_5'),
('movie_609', 'genre_20'),
('movie_609', 'genre_5'),
('movie_61', 'genre_21'),
('movie_61', 'genre_5'),
('movie_610', 'genre_6'),
('movie_610', 'genre_7'),
('movie_610', 'genre_9'),
('movie_611', 'genre_5'),
('movie_612', 'genre_3'),
('movie_612', 'genre_9'),
('movie_613', 'genre_16'),
('movie_613', 'genre_22'),
('movie_613', 'genre_6'),
('movie_614', 'genre_19'),
('movie_614', 'genre_31'),
('movie_614', 'genre_5'),
('movie_615', 'genre_21'),
('movie_615', 'genre_6'),
('movie_616', 'genre_23'),
('movie_616', 'genre_6'),
('movie_617', 'genre_5'),
('movie_617', 'genre_6'),
('movie_618', 'genre_16'),
('movie_618', 'genre_5'),
('movie_619', 'genre_20'),
('movie_619', 'genre_21'),
('movie_619', 'genre_5'),
('movie_62', 'genre_1'),
('movie_62', 'genre_9'),
('movie_620', 'genre_20'),
('movie_620', 'genre_28'),
('movie_620', 'genre_5'),
('movie_621', 'genre_13'),
('movie_622', 'genre_24'),
('movie_622', 'genre_9'),
('movie_623', 'genre_6'),
('movie_625', 'genre_4'),
('movie_625', 'genre_9'),
('movie_626', 'genre_3'),
('movie_627', 'genre_20'),
('movie_627', 'genre_22'),
('movie_627', 'genre_5'),
('movie_628', 'genre_3'),
('movie_628', 'genre_4'),
('movie_629', 'genre_17'),
('movie_629', 'genre_3'),
('movie_63', 'genre_16'),
('movie_630', 'genre_18'),
('movie_630', 'genre_9'),
('movie_631', 'genre_16'),
('movie_631', 'genre_6'),
('movie_632', 'genre_21'),
('movie_632', 'genre_23'),
('movie_633', 'genre_11'),
('movie_633', 'genre_6'),
('movie_633', 'genre_8'),
('movie_634', 'genre_17'),
('movie_634', 'genre_3'),
('movie_634', 'genre_9'),
('movie_635', 'genre_1'),
('movie_636', 'genre_3'),
('movie_636', 'genre_7'),
('movie_636', 'genre_9'),
('movie_637', 'genre_3'),
('movie_638', 'genre_33'),
('movie_639', 'genre_10'),
('movie_639', 'genre_20'),
('movie_639', 'genre_5'),
('movie_64', 'genre_1'),
('movie_64', 'genre_5'),
('movie_640', 'genre_9'),
('movie_641', 'genre_16'),
('movie_642', 'genre_16'),
('movie_642', 'genre_32'),
('movie_643', 'genre_10'),
('movie_643', 'genre_11'),
('movie_643', 'genre_3'),
('movie_644', 'genre_6'),
('movie_645', 'genre_1'),
('movie_645', 'genre_3'),
('movie_646', 'genre_6'),
('movie_647', 'genre_21'),
('movie_647', 'genre_23'),
('movie_647', 'genre_5'),
('movie_648', 'genre_10'),
('movie_648', 'genre_20'),
('movie_648', 'genre_5'),
('movie_649', 'genre_3'),
('movie_649', 'genre_9'),
('movie_65', 'genre_23'),
('movie_65', 'genre_6'),
('movie_650', 'genre_6'),
('movie_651', 'genre_5'),
('movie_652', 'genre_37'),
('movie_652', 'genre_4'),
('movie_653', 'genre_12'),
('movie_653', 'genre_8'),
('movie_654', 'genre_1'),
('movie_655', 'genre_9'),
('movie_656', 'genre_9'),
('movie_657', 'genre_8'),
('movie_658', 'genre_16'),
('movie_658', 'genre_5'),
('movie_658', 'genre_6'),
('movie_659', 'genre_3'),
('movie_659', 'genre_9'),
('movie_66', 'genre_20'),
('movie_66', 'genre_5'),
('movie_660', 'genre_16'),
('movie_660', 'genre_5'),
('movie_661', 'genre_15'),
('movie_661', 'genre_16'),
('movie_661', 'genre_5'),
('movie_662', 'genre_16'),
('movie_662', 'genre_6'),
('movie_663', 'genre_16'),
('movie_663', 'genre_4'),
('movie_664', 'genre_2'),
('movie_664', 'genre_3'),
('movie_664', 'genre_9'),
('movie_665', 'genre_10'),
('movie_665', 'genre_3'),
('movie_666', 'genre_5'),
('movie_666', 'genre_6'),
('movie_667', 'genre_33'),
('movie_668', 'genre_1'),
('movie_669', 'genre_11'),
('movie_669', 'genre_22'),
('movie_67', 'genre_3'),
('movie_67', 'genre_9'),
('movie_670', 'genre_16'),
('movie_670', 'genre_22'),
('movie_670', 'genre_6'),
('movie_671', 'genre_1'),
('movie_671', 'genre_5'),
('movie_672', 'genre_5'),
('movie_673', 'genre_12'),
('movie_673', 'genre_9'),
('movie_674', 'genre_12'),
('movie_674', 'genre_3'),
('movie_674', 'genre_9'),
('movie_675', 'genre_13'),
('movie_676', 'genre_4'),
('movie_676', 'genre_6'),
('movie_677', 'genre_1'),
('movie_677', 'genre_9'),
('movie_678', 'genre_3'),
('movie_679', 'genre_3'),
('movie_679', 'genre_4'),
('movie_679', 'genre_5'),
('movie_68', 'genre_5'),
('movie_68', 'genre_6'),
('movie_680', 'genre_11'),
('movie_680', 'genre_20'),
('movie_680', 'genre_5'),
('movie_681', 'genre_6'),
('movie_682', 'genre_23'),
('movie_682', 'genre_6'),
('movie_683', 'genre_6'),
('movie_683', 'genre_7'),
('movie_683', 'genre_9'),
('movie_684', 'genre_28'),
('movie_684', 'genre_9'),
('movie_685', 'genre_14'),
('movie_685', 'genre_5'),
('movie_686', 'genre_7'),
('movie_686', 'genre_9'),
('movie_687', 'genre_33'),
('movie_688', 'genre_1'),
('movie_688', 'genre_2'),
('movie_689', 'genre_7'),
('movie_689', 'genre_9'),
('movie_69', 'genre_6'),
('movie_69', 'genre_7'),
('movie_690', 'genre_1'),
('movie_690', 'genre_9'),
('movie_691', 'genre_9'),
('movie_692', 'genre_10'),
('movie_692', 'genre_3'),
('movie_692', 'genre_5'),
('movie_693', 'genre_4'),
('movie_693', 'genre_5'),
('movie_693', 'genre_6'),
('movie_694', 'genre_10'),
('movie_694', 'genre_6'),
('movie_695', 'genre_16'),
('movie_695', 'genre_5'),
('movie_696', 'genre_16'),
('movie_696', 'genre_4'),
('movie_696', 'genre_5'),
('movie_697', 'genre_13'),
('movie_698', 'genre_5'),
('movie_699', 'genre_3'),
('movie_699', 'genre_9'),
('movie_7', 'genre_1'),
('movie_7', 'genre_7'),
('movie_70', 'genre_9'),
('movie_700', 'genre_22'),
('movie_700', 'genre_5'),
('movie_701', 'genre_15'),
('movie_701', 'genre_20'),
('movie_701', 'genre_6'),
('movie_702', 'genre_10'),
('movie_702', 'genre_3'),
('movie_702', 'genre_5'),
('movie_703', 'genre_3'),
('movie_703', 'genre_9'),
('movie_704', 'genre_17'),
('movie_704', 'genre_9'),
('movie_705', 'genre_15'),
('movie_705', 'genre_5'),
('movie_705', 'genre_6'),
('movie_706', 'genre_23'),
('movie_706', 'genre_6'),
('movie_707', 'genre_11'),
('movie_708', 'genre_4'),
('movie_708', 'genre_9'),
('movie_709', 'genre_1'),
('movie_709', 'genre_9'),
('movie_71', 'genre_6'),
('movie_710', 'genre_1'),
('movie_710', 'genre_2'),
('movie_711', 'genre_14'),
('movie_711', 'genre_20'),
('movie_711', 'genre_3'),
('movie_711', 'genre_5'),
('movie_712', 'genre_18'),
('movie_712', 'genre_3'),
('movie_712', 'genre_9'),
('movie_713', 'genre_3'),
('movie_713', 'genre_5'),
('movie_714', 'genre_26'),
('movie_715', 'genre_23'),
('movie_715', 'genre_6'),
('movie_716', 'genre_3'),
('movie_716', 'genre_9'),
('movie_717', 'genre_16'),
('movie_717', 'genre_5'),
('movie_718', 'genre_3'),
('movie_72', 'genre_1'),
('movie_72', 'genre_2'),
('movie_720', 'genre_13'),
('movie_721', 'genre_13'),
('movie_722', 'genre_16'),
('movie_722', 'genre_6'),
('movie_723', 'genre_20'),
('movie_723', 'genre_5'),
('movie_724', 'genre_9'),
('movie_725', 'genre_12'),
('movie_725', 'genre_6'),
('movie_726', 'genre_5'),
('movie_727', 'genre_1'),
('movie_727', 'genre_4'),
('movie_728', 'genre_22'),
('movie_728', 'genre_5'),
('movie_729', 'genre_5'),
('movie_729', 'genre_6'),
('movie_73', 'genre_5'),
('movie_73', 'genre_6'),
('movie_730', 'genre_9'),
('movie_731', 'genre_5'),
('movie_732', 'genre_6'),
('movie_733', 'genre_3'),
('movie_733', 'genre_9'),
('movie_734', 'genre_18'),
('movie_734', 'genre_6'),
('movie_735', 'genre_10'),
('movie_735', 'genre_20'),
('movie_735', 'genre_27'),
('movie_735', 'genre_5'),
('movie_736', 'genre_5'),
('movie_737', 'genre_16'),
('movie_737', 'genre_5'),
('movie_738', 'genre_5'),
('movie_738', 'genre_6'),
('movie_738', 'genre_9'),
('movie_739', 'genre_3'),
('movie_739', 'genre_6'),
('movie_74', 'genre_24'),
('movie_74', 'genre_7'),
('movie_74', 'genre_9'),
('movie_740', 'genre_20'),
('movie_740', 'genre_22'),
('movie_740', 'genre_5'),
('movie_741', 'genre_9'),
('movie_742', 'genre_6'),
('movie_743', 'genre_20'),
('movie_743', 'genre_28'),
('movie_743', 'genre_5'),
('movie_744', 'genre_15'),
('movie_744', 'genre_16'),
('movie_744', 'genre_6'),
('movie_745', 'genre_1'),
('movie_745', 'genre_4'),
('movie_745', 'genre_6'),
('movie_746', 'genre_16'),
('movie_746', 'genre_23'),
('movie_746', 'genre_6'),
('movie_747', 'genre_3'),
('movie_747', 'genre_6'),
('movie_748', 'genre_16'),
('movie_748', 'genre_5'),
('movie_749', 'genre_9'),
('movie_75', 'genre_15'),
('movie_75', 'genre_16'),
('movie_75', 'genre_22'),
('movie_75', 'genre_5'),
('movie_750', 'genre_1'),
('movie_751', 'genre_3'),
('movie_752', 'genre_21'),
('movie_752', 'genre_5'),
('movie_752', 'genre_6'),
('movie_753', 'genre_3'),
('movie_753', 'genre_4'),
('movie_754', 'genre_26'),
('movie_755', 'genre_16'),
('movie_755', 'genre_5'),
('movie_756', 'genre_10'),
('movie_756', 'genre_20'),
('movie_756', 'genre_3'),
('movie_756', 'genre_4'),
('movie_757', 'genre_4'),
('movie_757', 'genre_9'),
('movie_758', 'genre_5'),
('movie_758', 'genre_6'),
('movie_759', 'genre_5'),
('movie_759', 'genre_6'),
('movie_76', 'genre_23'),
('movie_76', 'genre_6'),
('movie_760', 'genre_1'),
('movie_760', 'genre_9'),
('movie_761', 'genre_1'),
('movie_762', 'genre_20'),
('movie_762', 'genre_28'),
('movie_762', 'genre_4'),
('movie_762', 'genre_5'),
('movie_763', 'genre_23'),
('movie_763', 'genre_6'),
('movie_764', 'genre_1'),
('movie_764', 'genre_2'),
('movie_765', 'genre_3'),
('movie_765', 'genre_5'),
('movie_766', 'genre_10'),
('movie_766', 'genre_20'),
('movie_767', 'genre_20'),
('movie_767', 'genre_3'),
('movie_767', 'genre_31'),
('movie_767', 'genre_36'),
('movie_767', 'genre_5'),
('movie_767', 'genre_6'),
('movie_768', 'genre_21'),
('movie_768', 'genre_23'),
('movie_768', 'genre_6'),
('movie_769', 'genre_16'),
('movie_769', 'genre_4'),
('movie_769', 'genre_6'),
('movie_77', 'genre_16'),
('movie_77', 'genre_5'),
('movie_770', 'genre_6'),
('movie_771', 'genre_20'),
('movie_771', 'genre_5'),
('movie_772', 'genre_6'),
('movie_773', 'genre_18'),
('movie_773', 'genre_6'),
('movie_774', 'genre_18'),
('movie_774', 'genre_3'),
('movie_774', 'genre_5'),
('movie_774', 'genre_9'),
('movie_775', 'genre_3'),
('movie_775', 'genre_9'),
('movie_776', 'genre_16'),
('movie_776', 'genre_6'),
('movie_777', 'genre_13'),
('movie_778', 'genre_20'),
('movie_778', 'genre_28'),
('movie_778', 'genre_5'),
('movie_779', 'genre_3'),
('movie_779', 'genre_9'),
('movie_78', 'genre_20'),
('movie_78', 'genre_5'),
('movie_78', 'genre_8'),
('movie_780', 'genre_6'),
('movie_780', 'genre_8'),
('movie_781', 'genre_20'),
('movie_781', 'genre_34'),
('movie_781', 'genre_5'),
('movie_782', 'genre_16'),
('movie_782', 'genre_6'),
('movie_783', 'genre_9'),
('movie_784', 'genre_5'),
('movie_785', 'genre_3'),
('movie_787', 'genre_1'),
('movie_787', 'genre_38'),
('movie_788', 'genre_1'),
('movie_788', 'genre_32'),
('movie_788', 'genre_4'),
('movie_789', 'genre_16'),
('movie_789', 'genre_5'),
('movie_79', 'genre_9'),
('movie_790', 'genre_16'),
('movie_790', 'genre_6'),
('movie_791', 'genre_13'),
('movie_791', 'genre_20'),
('movie_791', 'genre_5'),
('movie_792', 'genre_12'),
('movie_792', 'genre_23'),
('movie_793', 'genre_5'),
('movie_793', 'genre_8'),
('movie_794', 'genre_5'),
('movie_795', 'genre_5'),
('movie_795', 'genre_6'),
('movie_796', 'genre_9'),
('movie_797', 'genre_9'),
('movie_798', 'genre_6'),
('movie_799', 'genre_5'),
('movie_8', 'genre_3'),
('movie_8', 'genre_5'),
('movie_80', 'genre_1'),
('movie_800', 'genre_1'),
('movie_801', 'genre_3'),
('movie_801', 'genre_5'),
('movie_802', 'genre_11'),
('movie_802', 'genre_20'),
('movie_802', 'genre_5'),
('movie_803', 'genre_3'),
('movie_803', 'genre_4'),
('movie_804', 'genre_5'),
('movie_805', 'genre_12'),
('movie_805', 'genre_13'),
('movie_805', 'genre_20'),
('movie_806', 'genre_1'),
('movie_806', 'genre_5'),
('movie_808', 'genre_13'),
('movie_808', 'genre_5'),
('movie_809', 'genre_1'),
('movie_809', 'genre_3'),
('movie_809', 'genre_5'),
('movie_81', 'genre_16'),
('movie_81', 'genre_5'),
('movie_810', 'genre_5'),
('movie_811', 'genre_9'),
('movie_812', 'genre_7'),
('movie_812', 'genre_9'),
('movie_813', 'genre_6'),
('movie_814', 'genre_1'),
('movie_814', 'genre_3'),
('movie_815', 'genre_1'),
('movie_816', 'genre_5'),
('movie_817', 'genre_6'),
('movie_818', 'genre_11'),
('movie_818', 'genre_16'),
('movie_818', 'genre_6'),
('movie_819', 'genre_13'),
('movie_82', 'genre_9'),
('movie_820', 'genre_5'),
('movie_821', 'genre_1'),
('movie_821', 'genre_9'),
('movie_822', 'genre_6'),
('movie_822', 'genre_9'),
('movie_823', 'genre_5'),
('movie_824', 'genre_30'),
('movie_824', 'genre_31'),
('movie_824', 'genre_5'),
('movie_825', 'genre_6'),
('movie_826', 'genre_3'),
('movie_827', 'genre_3'),
('movie_827', 'genre_7'),
('movie_827', 'genre_9'),
('movie_828', 'genre_16'),
('movie_828', 'genre_6'),
('movie_829', 'genre_11'),
('movie_829', 'genre_20'),
('movie_829', 'genre_22'),
('movie_829', 'genre_27'),
('movie_83', 'genre_3'),
('movie_83', 'genre_9'),
('movie_830', 'genre_1'),
('movie_830', 'genre_9'),
('movie_831', 'genre_7'),
('movie_831', 'genre_9'),
('movie_832', 'genre_26'),
('movie_832', 'genre_30'),
('movie_832', 'genre_6'),
('movie_834', 'genre_5'),
('movie_834', 'genre_6'),
('movie_835', 'genre_12'),
('movie_835', 'genre_18'),
('movie_835', 'genre_3'),
('movie_835', 'genre_6'),
('movie_836', 'genre_5'),
('movie_836', 'genre_8'),
('movie_837', 'genre_23'),
('movie_837', 'genre_6'),
('movie_838', 'genre_33'),
('movie_839', 'genre_15'),
('movie_839', 'genre_5'),
('movie_84', 'genre_4'),
('movie_840', 'genre_23'),
('movie_840', 'genre_6'),
('movie_841', 'genre_5'),
('movie_841', 'genre_7'),
('movie_842', 'genre_26'),
('movie_843', 'genre_9'),
('movie_844', 'genre_1'),
('movie_844', 'genre_12'),
('movie_845', 'genre_21'),
('movie_846', 'genre_1'),
('movie_846', 'genre_2'),
('movie_847', 'genre_9'),
('movie_848', 'genre_5'),
('movie_849', 'genre_3'),
('movie_85', 'genre_5'),
('movie_85', 'genre_6'),
('movie_850', 'genre_3'),
('movie_850', 'genre_9'),
('movie_851', 'genre_22'),
('movie_851', 'genre_6'),
('movie_852', 'genre_6'),
('movie_853', 'genre_1'),
('movie_853', 'genre_5'),
('movie_854', 'genre_1'),
('movie_854', 'genre_2'),
('movie_854', 'genre_30'),
('movie_855', 'genre_16'),
('movie_855', 'genre_5'),
('movie_856', 'genre_11'),
('movie_856', 'genre_5'),
('movie_857', 'genre_12'),
('movie_857', 'genre_23'),
('movie_857', 'genre_5'),
('movie_857', 'genre_6'),
('movie_858', 'genre_5'),
('movie_858', 'genre_6'),
('movie_859', 'genre_8'),
('movie_859', 'genre_9'),
('movie_86', 'genre_23'),
('movie_86', 'genre_6'),
('movie_860', 'genre_6'),
('movie_861', 'genre_32'),
('movie_862', 'genre_1'),
('movie_862', 'genre_2'),
('movie_862', 'genre_5'),
('movie_864', 'genre_1'),
('movie_864', 'genre_15'),
('movie_864', 'genre_6'),
('movie_865', 'genre_33'),
('movie_866', 'genre_22'),
('movie_866', 'genre_5'),
('movie_867', 'genre_18'),
('movie_867', 'genre_5'),
('movie_867', 'genre_8'),
('movie_867', 'genre_9'),
('movie_868', 'genre_6'),
('movie_869', 'genre_1'),
('movie_869', 'genre_2'),
('movie_87', 'genre_3'),
('movie_87', 'genre_9'),
('movie_870', 'genre_1'),
('movie_870', 'genre_4'),
('movie_872', 'genre_33'),
('movie_873', 'genre_23'),
('movie_873', 'genre_6'),
('movie_874', 'genre_16'),
('movie_874', 'genre_5'),
('movie_875', 'genre_12'),
('movie_876', 'genre_5'),
('movie_876', 'genre_6'),
('movie_877', 'genre_16'),
('movie_877', 'genre_9'),
('movie_878', 'genre_1'),
('movie_878', 'genre_5'),
('movie_879', 'genre_1'),
('movie_879', 'genre_7'),
('movie_88', 'genre_3'),
('movie_88', 'genre_9'),
('movie_880', 'genre_11'),
('movie_881', 'genre_23'),
('movie_881', 'genre_6'),
('movie_881', 'genre_7'),
('movie_882', 'genre_1'),
('movie_882', 'genre_38'),
('movie_883', 'genre_13'),
('movie_884', 'genre_16'),
('movie_884', 'genre_5'),
('movie_885', 'genre_1'),
('movie_885', 'genre_20'),
('movie_885', 'genre_28'),
('movie_885', 'genre_5'),
('movie_886', 'genre_5'),
('movie_887', 'genre_16'),
('movie_887', 'genre_6'),
('movie_888', 'genre_6'),
('movie_889', 'genre_12'),
('movie_889', 'genre_3'),
('movie_89', 'genre_14'),
('movie_89', 'genre_4'),
('movie_89', 'genre_5'),
('movie_890', 'genre_26'),
('movie_891', 'genre_6'),
('movie_892', 'genre_6'),
('movie_893', 'genre_6'),
('movie_894', 'genre_1'),
('movie_894', 'genre_2'),
('movie_895', 'genre_1'),
('movie_895', 'genre_2'),
('movie_896', 'genre_18'),
('movie_896', 'genre_6'),
('movie_897', 'genre_19'),
('movie_898', 'genre_8'),
('movie_899', 'genre_10'),
('movie_899', 'genre_11'),
('movie_899', 'genre_20'),
('movie_899', 'genre_5'),
('movie_9', 'genre_10'),
('movie_9', 'genre_11'),
('movie_90', 'genre_12'),
('movie_90', 'genre_6'),
('movie_900', 'genre_23'),
('movie_900', 'genre_31'),
('movie_901', 'genre_5'),
('movie_902', 'genre_24'),
('movie_902', 'genre_9'),
('movie_903', 'genre_9'),
('movie_904', 'genre_6'),
('movie_905', 'genre_1'),
('movie_905', 'genre_4'),
('movie_905', 'genre_5'),
('movie_906', 'genre_26'),
('movie_907', 'genre_11'),
('movie_907', 'genre_20'),
('movie_907', 'genre_22'),
('movie_908', 'genre_16'),
('movie_908', 'genre_5'),
('movie_909', 'genre_13'),
('movie_91', 'genre_10'),
('movie_91', 'genre_11'),
('movie_91', 'genre_3'),
('movie_910', 'genre_6'),
('movie_911', 'genre_22'),
('movie_911', 'genre_5'),
('movie_912', 'genre_26'),
('movie_913', 'genre_3'),
('movie_914', 'genre_9'),
('movie_915', 'genre_5'),
('movie_917', 'genre_23'),
('movie_917', 'genre_6'),
('movie_918', 'genre_1'),
('movie_918', 'genre_5'),
('movie_919', 'genre_11'),
('movie_919', 'genre_20'),
('movie_919', 'genre_22'),
('movie_919', 'genre_27'),
('movie_919', 'genre_5'),
('movie_92', 'genre_5'),
('movie_92', 'genre_6'),
('movie_920', 'genre_10'),
('movie_920', 'genre_11'),
('movie_921', 'genre_1'),
('movie_921', 'genre_16'),
('movie_922', 'genre_6'),
('movie_923', 'genre_11'),
('movie_923', 'genre_20'),
('movie_923', 'genre_22'),
('movie_923', 'genre_5'),
('movie_923', 'genre_6'),
('movie_924', 'genre_23'),
('movie_924', 'genre_6'),
('movie_925', 'genre_5'),
('movie_927', 'genre_10'),
('movie_927', 'genre_20'),
('movie_927', 'genre_4'),
('movie_928', 'genre_8'),
('movie_929', 'genre_12'),
('movie_929', 'genre_23'),
('movie_93', 'genre_3'),
('movie_930', 'genre_1'),
('movie_933', 'genre_16'),
('movie_933', 'genre_5'),
('movie_933', 'genre_6'),
('movie_934', 'genre_5'),
('movie_934', 'genre_6'),
('movie_936', 'genre_3'),
('movie_936', 'genre_5'),
('movie_937', 'genre_18'),
('movie_937', 'genre_3'),
('movie_937', 'genre_9'),
('movie_938', 'genre_16'),
('movie_938', 'genre_23'),
('movie_938', 'genre_6'),
('movie_939', 'genre_20'),
('movie_939', 'genre_5'),
('movie_94', 'genre_1'),
('movie_940', 'genre_12'),
('movie_940', 'genre_15'),
('movie_940', 'genre_2'),
('movie_940', 'genre_5'),
('movie_941', 'genre_16'),
('movie_941', 'genre_6'),
('movie_942', 'genre_6'),
('movie_942', 'genre_8'),
('movie_943', 'genre_11'),
('movie_943', 'genre_12'),
('movie_943', 'genre_22'),
('movie_943', 'genre_5'),
('movie_943', 'genre_6'),
('movie_944', 'genre_16'),
('movie_944', 'genre_6'),
('movie_945', 'genre_20'),
('movie_946', 'genre_6'),
('movie_947', 'genre_16'),
('movie_947', 'genre_5'),
('movie_948', 'genre_12'),
('movie_948', 'genre_3'),
('movie_949', 'genre_33'),
('movie_949', 'genre_5'),
('movie_95', 'genre_17'),
('movie_95', 'genre_9'),
('movie_951', 'genre_4'),
('movie_952', 'genre_10'),
('movie_952', 'genre_20'),
('movie_954', 'genre_18'),
('movie_954', 'genre_5'),
('movie_954', 'genre_6'),
('movie_955', 'genre_22'),
('movie_955', 'genre_23'),
('movie_955', 'genre_6'),
('movie_956', 'genre_8'),
('movie_956', 'genre_9'),
('movie_957', 'genre_6'),
('movie_958', 'genre_5'),
('movie_958', 'genre_6'),
('movie_959', 'genre_9'),
('movie_96', 'genre_14'),
('movie_96', 'genre_25'),
('movie_96', 'genre_5'),
('movie_96', 'genre_6'),
('movie_960', 'genre_1'),
('movie_960', 'genre_4'),
('movie_961', 'genre_32'),
('movie_962', 'genre_1'),
('movie_962', 'genre_4'),
('movie_963', 'genre_3'),
('movie_963', 'genre_9'),
('movie_964', 'genre_5'),
('movie_965', 'genre_33'),
('movie_966', 'genre_5'),
('movie_967', 'genre_23'),
('movie_967', 'genre_6');
INSERT INTO `MoviesGenres` (`id_movie`, `id_genre`) VALUES
('movie_968', 'genre_1'),
('movie_969', 'genre_9'),
('movie_97', 'genre_3'),
('movie_97', 'genre_9'),
('movie_970', 'genre_6'),
('movie_971', 'genre_5'),
('movie_971', 'genre_6'),
('movie_972', 'genre_3'),
('movie_973', 'genre_1'),
('movie_973', 'genre_4'),
('movie_974', 'genre_15'),
('movie_974', 'genre_2'),
('movie_974', 'genre_6'),
('movie_974', 'genre_9'),
('movie_975', 'genre_16'),
('movie_975', 'genre_5'),
('movie_976', 'genre_16'),
('movie_976', 'genre_3'),
('movie_976', 'genre_5'),
('movie_977', 'genre_16'),
('movie_977', 'genre_5'),
('movie_978', 'genre_16'),
('movie_978', 'genre_5'),
('movie_979', 'genre_1'),
('movie_98', 'genre_26'),
('movie_980', 'genre_1'),
('movie_981', 'genre_21'),
('movie_981', 'genre_5'),
('movie_982', 'genre_9'),
('movie_983', 'genre_1'),
('movie_983', 'genre_9'),
('movie_984', 'genre_12'),
('movie_984', 'genre_18'),
('movie_984', 'genre_6'),
('movie_985', 'genre_5'),
('movie_985', 'genre_6'),
('movie_986', 'genre_7'),
('movie_986', 'genre_9'),
('movie_987', 'genre_16'),
('movie_987', 'genre_5'),
('movie_988', 'genre_16'),
('movie_988', 'genre_5'),
('movie_989', 'genre_1'),
('movie_989', 'genre_2'),
('movie_989', 'genre_9'),
('movie_99', 'genre_22'),
('movie_99', 'genre_5'),
('movie_990', 'genre_1'),
('movie_991', 'genre_13'),
('movie_992', 'genre_1'),
('movie_992', 'genre_5'),
('movie_992', 'genre_9'),
('movie_993', 'genre_1'),
('movie_993', 'genre_2'),
('movie_993', 'genre_5'),
('movie_994', 'genre_7'),
('movie_994', 'genre_9'),
('movie_995', 'genre_6'),
('movie_996', 'genre_12'),
('movie_996', 'genre_6'),
('movie_997', 'genre_4'),
('movie_997', 'genre_5'),
('movie_997', 'genre_6'),
('movie_999', 'genre_21'),
('movie_999', 'genre_6');

--
-- Index pour les tables déchargées
--

--
-- Index pour la table `actors`
--
ALTER TABLE `actors`
  ADD PRIMARY KEY (`id`),
  ADD UNIQUE KEY `name` (`name`);

--
-- Index pour la table `genres`
--
ALTER TABLE `genres`
  ADD PRIMARY KEY (`id`),
  ADD UNIQUE KEY `genre` (`genre`);

--
-- Index pour la table `movies`
--
ALTER TABLE `movies`
  ADD PRIMARY KEY (`id`),
  ADD UNIQUE KEY `title` (`title`);

--
-- Index pour la table `MoviesActors`
--
ALTER TABLE `MoviesActors`
  ADD PRIMARY KEY (`id_movie`,`id_actor`),
  ADD KEY `id_actor` (`id_actor`);

--
-- Index pour la table `MoviesGenres`
--
ALTER TABLE `MoviesGenres`
  ADD PRIMARY KEY (`id_movie`,`id_genre`),
  ADD KEY `id_genre` (`id_genre`);

--
-- Contraintes pour les tables déchargées
--

--
-- Contraintes pour la table `MoviesActors`
--
ALTER TABLE `MoviesActors`
  ADD CONSTRAINT `moviesactors_ibfk_1` FOREIGN KEY (`id_movie`) REFERENCES `movies` (`id`),
  ADD CONSTRAINT `moviesactors_ibfk_2` FOREIGN KEY (`id_actor`) REFERENCES `actors` (`id`);

--
-- Contraintes pour la table `MoviesGenres`
--
ALTER TABLE `MoviesGenres`
  ADD CONSTRAINT `moviesgenres_ibfk_1` FOREIGN KEY (`id_movie`) REFERENCES `movies` (`id`),
  ADD CONSTRAINT `moviesgenres_ibfk_2` FOREIGN KEY (`id_genre`) REFERENCES `genres` (`id`);
COMMIT;

/*!40101 SET CHARACTER_SET_CLIENT=@OLD_CHARACTER_SET_CLIENT */;
/*!40101 SET CHARACTER_SET_RESULTS=@OLD_CHARACTER_SET_RESULTS */;
/*!40101 SET COLLATION_CONNECTION=@OLD_COLLATION_CONNECTION */;
